ts,phase,device,network,geo,url,http_status,ttfb_ms,dom_ms,load_ms,transfer_kb,body_sha8,lang,tz_offset,geo_lat,cache_bypass,ok,notes
"2026-10-08T22:18:20.412Z","matrix","iphone-15","slow-3g","us-nyc","https://headroom-app.org/","200","6","1739","4360","20","c04f9ca3","en-US","240","40.7128","1","1","inpage-click;lang=en-US;tzOff=240;title=Headroom - Free Mac Disk Space Analyzer "
"2026-10-08T22:18:22.611Z","matrix","iphone-15","fast-3g","us-la","https://headroom-app.org/","200","6","574","1387","20","d196d406","en-US","420","34.0522","1","1","inpage-click;lang=en-US;tzOff=420;title=Headroom - Free Mac Disk Space Analyzer "
"2026-10-08T22:18:23.915Z","matrix","iphone-15","4g","uk-london","https://headroom-app.org/","200","5","176","494","20","7550ef70","en-US","-60","51.5074","1","1","inpage-click;lang=en-US;tzOff=-60;title=Headroom - Free Mac Disk Space Analyzer "
"2026-10-08T22:18:24.787Z","matrix","iphone-15","wifi","de-berlin","https://headroom-app.org/","200","5","43","47","20","a8ad92be","en-US","-120","52.52","1","1","inpage-click;lang=en-US;tzOff=-120;title=Headroom - Free Mac Disk Space Analyzer "
"2026-10-08T22:18:26.627Z","matrix","iphone-15","lossy-4g","il-telaviv","https://headroom-app.org/","200","4","376","1029","20","09a9bc7f","en-US","-180","32.0853","1","1","inpage-click;lang=en-US;tzOff=-180;title=Headroom - Free Mac Disk Space Analyzer "
"2026-10-08T22:18:30.595Z","matrix","iphone-se","slow-3g","jp-tokyo","https://headroom-app.org/","200","5","1737","3164","20","aa56e18d","en-US","-540","35.6762","1","1","inpage-click;lang=en-US;tzOff=-540;title=Headroom - Free Mac Disk Space Analyzer "
"2026-10-08T22:18:32.443Z","matrix","iphone-se","fast-3g","br-saopaulo","https://headroom-app.org/","200","5","575","1038","20","50f2534b","en-US","180","-23.5505","1","1","inpage-click;lang=en-US;tzOff=180;title=Headroom - Free Mac Disk Space Analyzer "
"2026-10-08T22:18:33.594Z","matrix","iphone-se","4g","au-sydney","https://headroom-app.org/","200","6","176","353","20","d58d4e49","en-US","-660","-33.8688","1","1","inpage-click;lang=en-US;tzOff=-660;title=Headroom - Free Mac Disk Space Analyzer "
"2026-10-08T22:18:34.457Z","matrix","iphone-se","wifi","in-mumbai","https://headroom-app.org/","200","4","37","37","20","66e05730","en-US","-330","19.076","1","1","inpage-click;lang=en-US;tzOff=-330;title=Headroom - Free Mac Disk Space Analyzer "
"2026-10-08T22:18:36.009Z","matrix","iphone-se","lossy-4g","sg-singapore","https://headroom-app.org/","200","6","374","750","20","b8f3c09a","en-US","-480","1.3521","1","1","inpage-click;lang=en-US;tzOff=-480;title=Headroom - Free Mac Disk Space Analyzer "
"2026-10-08T22:18:41.176Z","matrix","ipad-air","slow-3g","us-nyc","https://headroom-app.org/","200","5","1737","4358","20","d6d665c1","en-US","240","40.7128","1","1","inpage-click;lang=en-US;tzOff=240;title=Headroom - Free Mac Disk Space Analyzer "
"2026-10-08T22:18:43.378Z","matrix","ipad-air","fast-3g","us-la","https://headroom-app.org/","200","5","575","1386","20","fceb2ffe","en-US","420","34.0522","1","1","inpage-click;lang=en-US;tzOff=420;title=Headroom - Free Mac Disk Space Analyzer "
"2026-10-08T22:18:44.679Z","matrix","ipad-air","4g","uk-london","https://headroom-app.org/","200","5","177","492","20","76c2ccd4","en-US","-60","51.5074","1","1","inpage-click;lang=en-US;tzOff=-60;title=Headroom - Free Mac Disk Space Analyzer "
"2026-10-08T22:18:45.549Z","matrix","ipad-air","wifi","de-berlin","https://headroom-app.org/","200","5","41","45","20","f9a6cf8b","en-US","-120","52.52","1","1","inpage-click;lang=en-US;tzOff=-120;title=Headroom - Free Mac Disk Space Analyzer "
"2026-10-08T22:18:47.397Z","matrix","ipad-air","lossy-4g","il-telaviv","https://headroom-app.org/","200","5","375","1031","20","ac3a3ce4","en-US","-180","32.0853","1","1","inpage-click;lang=en-US;tzOff=-180;title=Headroom - Free Mac Disk Space Analyzer "
"2026-10-08T22:18:52.562Z","matrix","pixel-8","slow-3g","jp-tokyo","https://headroom-app.org/","200","5","1738","4358","20","25f537e0","en-US","-540","35.6762","1","1","inpage-click;lang=en-US;tzOff=-540;title=Headroom - Free Mac Disk Space Analyzer "
"2026-10-08T22:18:54.760Z","matrix","pixel-8","fast-3g","br-saopaulo","https://headroom-app.org/","200","4","576","1388","20","015abd15","en-US","180","-23.5505","1","1","inpage-click;lang=en-US;tzOff=180;title=Headroom - Free Mac Disk Space Analyzer "
"2026-10-08T22:18:56.061Z","matrix","pixel-8","4g","au-sydney","https://headroom-app.org/","200","5","178","492","20","9a65822c","en-US","-660","-33.8688","1","1","inpage-click;lang=en-US;tzOff=-660;title=Headroom - Free Mac Disk Space Analyzer "
"2026-10-08T22:18:56.935Z","matrix","pixel-8","wifi","in-mumbai","https://headroom-app.org/","200","4","42","43","20","59892e98","en-US","-330","19.076","1","1","inpage-click;lang=en-US;tzOff=-330;title=Headroom - Free Mac Disk Space Analyzer "
"2026-10-08T22:18:58.777Z","matrix","pixel-8","lossy-4g","sg-singapore","https://headroom-app.org/","200","7","375","1029","20","6c07f7b4","en-US","-480","1.3521","1","1","inpage-click;lang=en-US;tzOff=-480;title=Headroom - Free Mac Disk Space Analyzer "
"2026-10-08T22:19:03.941Z","matrix","galaxy-s24","slow-3g","us-nyc","https://headroom-app.org/","200","4","1738","4359","20","5f5b2a41","en-US","240","40.7128","1","1","inpage-click;lang=en-US;tzOff=240;title=Headroom - Free Mac Disk Space Analyzer "
"2026-10-08T22:19:06.144Z","matrix","galaxy-s24","fast-3g","us-la","https://headroom-app.org/","200","4","574","1387","20","afd363bf","en-US","420","34.0522","1","1","inpage-click;lang=en-US;tzOff=420;title=Headroom - Free Mac Disk Space Analyzer "
"2026-10-08T22:19:07.444Z","matrix","galaxy-s24","4g","uk-london","https://headroom-app.org/","200","5","177","491","20","872ae11f","en-US","-60","51.5074","1","1","inpage-click;lang=en-US;tzOff=-60;title=Headroom - Free Mac Disk Space Analyzer "
"2026-10-08T22:19:08.312Z","matrix","galaxy-s24","wifi","de-berlin","https://headroom-app.org/","200","5","41","45","20","131282fc","en-US","-120","52.52","1","1","inpage-click;lang=en-US;tzOff=-120;title=Headroom - Free Mac Disk Space Analyzer "
"2026-10-08T22:19:10.145Z","matrix","galaxy-s24","lossy-4g","il-telaviv","https://headroom-app.org/","200","4","375","1028","20","3b51c0b4","en-US","-180","32.0853","1","1","inpage-click;lang=en-US;tzOff=-180;title=Headroom - Free Mac Disk Space Analyzer "
"2026-10-08T22:19:14.112Z","matrix","win-laptop","slow-3g","jp-tokyo","https://headroom-app.org/","200","5","1739","3164","20","e4210dfc","en-US","-540","35.6762","1","1","inpage-click;lang=en-US;tzOff=-540;title=Headroom - Free Mac Disk Space Analyzer "
"2026-10-08T22:19:15.945Z","matrix","win-laptop","fast-3g","br-saopaulo","https://headroom-app.org/","200","6","576","1036","20","1941337f","en-US","180","-23.5505","1","1","inpage-click;lang=en-US;tzOff=180;title=Headroom - Free Mac Disk Space Analyzer "
"2026-10-08T22:19:17.093Z","matrix","win-laptop","4g","au-sydney","https://headroom-app.org/","200","5","184","352","20","edbcc194","en-US","-660","-33.8688","1","1","inpage-click;lang=en-US;tzOff=-660;title=Headroom - Free Mac Disk Space Analyzer "
"2026-10-08T22:19:17.949Z","matrix","win-laptop","wifi","in-mumbai","https://headroom-app.org/","200","4","41","45","20","8f788bb2","en-US","-330","19.076","1","1","inpage-click;lang=en-US;tzOff=-330;title=Headroom - Free Mac Disk Space Analyzer "
"2026-10-08T22:19:19.512Z","matrix","win-laptop","lossy-4g","sg-singapore","https://headroom-app.org/","200","4","368","750","20","4cfd0ba1","en-US","-480","1.3521","1","1","inpage-click;lang=en-US;tzOff=-480;title=Headroom - Free Mac Disk Space Analyzer "
"2026-10-08T22:19:23.473Z","matrix","win-desktop","slow-3g","us-nyc","https://headroom-app.org/","200","4","1738","3164","20","f1020c6f","en-US","240","40.7128","1","1","inpage-click;lang=en-US;tzOff=240;title=Headroom - Free Mac Disk Space Analyzer "
"2026-10-08T22:19:25.309Z","matrix","win-desktop","fast-3g","us-la","https://headroom-app.org/","200","4","577","1037","20","de2ed4c3","en-US","420","34.0522","1","1","inpage-click;lang=en-US;tzOff=420;title=Headroom - Free Mac Disk Space Analyzer "
"2026-10-08T22:19:26.458Z","matrix","win-desktop","4g","uk-london","https://headroom-app.org/","200","4","183","351","20","d2fc0daf","en-US","-60","51.5074","1","1","inpage-click;lang=en-US;tzOff=-60;title=Headroom - Free Mac Disk Space Analyzer "
"2026-10-08T22:19:27.322Z","matrix","win-desktop","wifi","de-berlin","https://headroom-app.org/","200","4","42","43","20","f5bc06fd","en-US","-120","52.52","1","1","inpage-click;lang=en-US;tzOff=-120;title=Headroom - Free Mac Disk Space Analyzer "
"2026-10-08T22:19:28.877Z","matrix","win-desktop","lossy-4g","il-telaviv","https://headroom-app.org/","200","4","370","749","20","0fd157b3","en-US","-180","32.0853","1","1","inpage-click;lang=en-US;tzOff=-180;title=Headroom - Free Mac Disk Space Analyzer "
"2026-10-08T22:19:34.041Z","matrix","macbook-air","slow-3g","jp-tokyo","https://headroom-app.org/","200","5","1738","4360","20","1e0c6a5d","en-US","-540","35.6762","1","1","inpage-click;lang=en-US;tzOff=-540;title=Headroom - Free Mac Disk Space Analyzer "
"2026-10-08T22:19:36.230Z","matrix","macbook-air","fast-3g","br-saopaulo","https://headroom-app.org/","200","5","577","1387","20","e7215459","en-US","180","-23.5505","1","1","inpage-click;lang=en-US;tzOff=180;title=Headroom - Free Mac Disk Space Analyzer "
"2026-10-08T22:19:37.529Z","matrix","macbook-air","4g","au-sydney","https://headroom-app.org/","200","4","175","491","20","95384fd0","en-US","-660","-33.8688","1","1","inpage-click;lang=en-US;tzOff=-660;title=Headroom - Free Mac Disk Space Analyzer "
"2026-10-08T22:19:38.403Z","matrix","macbook-air","wifi","in-mumbai","https://headroom-app.org/","200","4","39","40","20","07133e34","en-US","-330","19.076","1","1","inpage-click;lang=en-US;tzOff=-330;title=Headroom - Free Mac Disk Space Analyzer "
"2026-10-08T22:19:40.245Z","matrix","macbook-air","lossy-4g","sg-singapore","https://headroom-app.org/","200","4","375","1030","20","6f1e7727","en-US","-480","1.3521","1","1","inpage-click;lang=en-US;tzOff=-480;title=Headroom - Free Mac Disk Space Analyzer "
"2026-10-08T22:19:45.406Z","matrix","macbook-pro","slow-3g","us-nyc","https://headroom-app.org/","200","4","1738","4359","20","491b1240","en-US","240","40.7128","1","1","inpage-click;lang=en-US;tzOff=240;title=Headroom - Free Mac Disk Space Analyzer "
"2026-10-08T22:19:47.596Z","matrix","macbook-pro","fast-3g","us-la","https://headroom-app.org/","200","4","576","1388","20","7aed3e6d","en-US","420","34.0522","1","1","inpage-click;lang=en-US;tzOff=420;title=Headroom - Free Mac Disk Space Analyzer "
"2026-10-08T22:19:48.892Z","matrix","macbook-pro","4g","uk-london","https://headroom-app.org/","200","4","177","491","20","e273a012","en-US","-60","51.5074","1","1","inpage-click;lang=en-US;tzOff=-60;title=Headroom - Free Mac Disk Space Analyzer "
"2026-10-08T22:19:49.763Z","matrix","macbook-pro","wifi","de-berlin","https://headroom-app.org/","200","5","41","45","20","dce9a081","en-US","-120","52.52","1","1","inpage-click;lang=en-US;tzOff=-120;title=Headroom - Free Mac Disk Space Analyzer "
"2026-10-08T22:19:51.595Z","matrix","macbook-pro","lossy-4g","il-telaviv","https://headroom-app.org/","200","15","375","1030","20","9d537af6","en-US","-180","32.0853","1","1","inpage-click;lang=en-US;tzOff=-180;title=Headroom - Free Mac Disk Space Analyzer "
"2026-10-08T22:20:27.819Z","soak-u4-i1","macbook-pro","wifi","jp-tokyo","https://headroom-app.org/sitemap.xml","200","7","24","25","1","963f1688","en-US","-540","35.6762","0","1","lang=en-US;tzOff=-540;title="
"2026-10-08T22:20:27.832Z","soak-u2-i1","galaxy-s24","lossy-4g","sg-singapore","https://headroom-app.org/sitemap.xml","200","4","18","19","0","963f1688","en-US","-480","1.3521","0","1","lang=en-US;tzOff=-480;title="
"2026-10-08T22:20:27.979Z","soak-u5-i1","galaxy-s24","fast-3g","au-sydney","https://headroom-app.org/llms.txt","200","4","168","168","2","4e11e085","en-US","-660","-33.8688","1","1","lang=en-US;tzOff=-660;title="
"2026-10-08T22:20:28.621Z","soak-u3-i1","win-desktop","slow-3g","de-berlin","https://headroom-app.org/#duplicates","200","1","50","50","0","87a9743d","en-US","-120","52.52","0","1","inpage-click;lang=en-US;tzOff=-120;title=Headroom - Free Mac Disk Space Analyzer "
"2026-10-08T22:20:28.629Z","soak-u1-i1","win-desktop","lossy-4g","sg-singapore","https://headroom-app.org/#faq","200","1","58","59","0","87a9743d","en-US","-480","1.3521","0","1","inpage-click;lang=en-US;tzOff=-480;title=Headroom - Free Mac Disk Space Analyzer "
"2026-10-08T22:20:29.965Z","soak-u4-i2","pixel-8","4g","jp-tokyo","https://headroom-app.org/llms.txt","200","2","29","29","0","4e11e085","en-US","-540","35.6762","0","1","lang=en-US;tzOff=-540;title="
"2026-10-08T22:20:30.778Z","soak-u2-i2","win-laptop","wifi","jp-tokyo","https://headroom-app.org/#features","200","1","53","54","0","123ca1af","en-US","-540","35.6762","0","1","inpage-click;lang=en-US;tzOff=-540;title=Headroom - Free Mac Disk Space Analyzer "
"2026-10-08T22:20:30.780Z","soak-u3-i2","ipad-air","slow-3g","jp-tokyo","https://headroom-app.org/#duplicates","200","2","51","52","0","b7033228","en-US","-540","35.6762","0","1","inpage-click;lang=en-US;tzOff=-540;title=Headroom - Free Mac Disk Space Analyzer "
"2026-10-08T22:20:30.783Z","soak-u1-i2","pixel-8","slow-3g","br-saopaulo","https://headroom-app.org/#features","200","2","57","57","0","0e7abbde","en-US","180","-23.5505","0","1","inpage-click;lang=en-US;tzOff=180;title=Headroom - Free Mac Disk Space Analyzer "
"2026-10-08T22:20:31.739Z","soak-u5-i2","galaxy-s24","lossy-4g","il-telaviv","https://headroom-app.org/","200","7","379","1034","20","d7126c43","en-US","-180","32.0853","1","1","inpage-click;lang=en-US;tzOff=-180;title=Headroom - Free Mac Disk Space Analyzer "
"2026-10-08T22:20:32.848Z","soak-u1-i3","iphone-15","slow-3g","in-mumbai","https://headroom-app.org/llms.txt","200","1","18","19","0","4e11e085","en-US","-330","19.076","0","1","lang=en-US;tzOff=-330;title="
"2026-10-08T22:20:32.858Z","soak-u5-i3","macbook-air","lossy-4g","br-saopaulo","https://headroom-app.org/sitemap.xml","200","1","28","31","0","963f1688","en-US","180","-23.5505","0","1","lang=en-US;tzOff=180;title="
"2026-10-08T22:20:33.678Z","soak-u2-i3","iphone-15","fast-3g","il-telaviv","https://headroom-app.org/#faq","200","1","65","65","0","3ebc1acc","en-US","-180","32.0853","0","1","inpage-click;lang=en-US;tzOff=-180;title=Headroom - Free Mac Disk Space Analyzer "
"2026-10-08T22:20:33.688Z","soak-u3-i3","iphone-15","4g","in-mumbai","https://headroom-app.org/#duplicates","200","1","55","56","0","3ebc1acc","en-US","-330","19.076","0","1","inpage-click;lang=en-US;tzOff=-330;title=Headroom - Free Mac Disk Space Analyzer "
"2026-10-08T22:20:33.743Z","soak-u4-i3","iphone-15","fast-3g","uk-london","https://headroom-app.org/","200","1","62","63","0","f01e4cd7","en-US","-60","51.5074","0","1","inpage-click;lang=en-US;tzOff=-60;title=Headroom - Free Mac Disk Space Analyzer "
"2026-10-08T22:20:35.064Z","soak-u2-i4","iphone-15","wifi","us-nyc","https://headroom-app.org/sitemap.xml","200","8","17","19","1","963f1688","en-US","240","40.7128","1","1","lang=en-US;tzOff=240;title="
"2026-10-08T22:20:35.850Z","soak-u4-i4","macbook-pro","lossy-4g","us-nyc","https://headroom-app.org/#faq","200","3","47","48","0","d1b3f39f","en-US","240","40.7128","0","1","inpage-click;lang=en-US;tzOff=240;title=Headroom - Free Mac Disk Space Analyzer "
"2026-10-08T22:20:35.906Z","soak-u5-i4","win-desktop","lossy-4g","br-saopaulo","https://headroom-app.org/#duplicates","200","1","45","46","0","0635d7f8","en-US","180","-23.5505","0","1","inpage-click;lang=en-US;tzOff=180;title=Headroom - Free Mac Disk Space Analyzer "
"2026-10-08T22:20:36.742Z","soak-u3-i4","win-laptop","fast-3g","de-berlin","https://headroom-app.org/","200","5","944","945","20","16662ca8","en-US","-120","52.52","1","1","inpage-click;lang=en-US;tzOff=-120;title=Headroom - Free Mac Disk Space Analyzer "
"2026-10-08T22:20:40.156Z","soak-u1-i4","galaxy-s24","slow-3g","br-saopaulo","https://headroom-app.org/","200","8","2537","4363","20","69c543da","en-US","180","-23.5505","1","1","inpage-click;lang=en-US;tzOff=180;title=Headroom - Free Mac Disk Space Analyzer "
"2026-10-08T22:20:41.165Z","soak-u1-i5","pixel-8","wifi","de-berlin","https://headroom-app.org/llms.txt","200","2","11","11","0","4e11e085","en-US","-120","52.52","0","1","lang=en-US;tzOff=-120;title="
"2026-10-08T22:20:41.560Z","soak-u5-i5","ipad-air","slow-3g","sg-singapore","https://headroom-app.org/sitemap.xml","200","5","415","417","1","963f1688","en-US","-480","1.3521","1","1","lang=en-US;tzOff=-480;title="
"2026-10-08T22:20:41.951Z","soak-u3-i5","iphone-15","lossy-4g","sg-singapore","https://headroom-app.org/#faq","200","1","50","52","0","3ebc1acc","en-US","-480","1.3521","0","1","inpage-click;lang=en-US;tzOff=-480;title=Headroom - Free Mac Disk Space Analyzer "
"2026-10-08T22:20:41.981Z","soak-u2-i5","macbook-pro","fast-3g","us-nyc","https://headroom-app.org/#faq","200","1","53","54","0","d1b3f39f","en-US","240","40.7128","0","1","inpage-click;lang=en-US;tzOff=240;title=Headroom - Free Mac Disk Space Analyzer "
"2026-10-08T22:20:42.179Z","soak-u4-i5","win-laptop","4g","in-mumbai","https://headroom-app.org/#features","200","5","289","289","20","123ca1af","en-US","-330","19.076","1","1","inpage-click;lang=en-US;tzOff=-330;title=Headroom - Free Mac Disk Space Analyzer "
"2026-10-08T22:20:44.939Z","soak-u4-i6","win-laptop","wifi","in-mumbai","https://headroom-app.org/#faq","200","3","73","74","0","123ca1af","en-US","-330","19.076","0","1","inpage-click;lang=en-US;tzOff=-330;title=Headroom - Free Mac Disk Space Analyzer "
"2026-10-08T22:20:44.943Z","soak-u3-i6","macbook-air","wifi","us-la","https://headroom-app.org/#duplicates","200","4","75","76","0","bd160d5a","en-US","420","34.0522","0","1","inpage-click;lang=en-US;tzOff=420;title=Headroom - Free Mac Disk Space Analyzer "
"2026-10-08T22:20:44.951Z","soak-u2-i6","ipad-air","wifi","il-telaviv","https://headroom-app.org/#faq","200","9","82","82","20","b7033228","en-US","-180","32.0853","1","1","inpage-click;lang=en-US;tzOff=-180;title=Headroom - Free Mac Disk Space Analyzer "
"2026-10-08T22:20:44.974Z","soak-u1-i6","macbook-pro","slow-3g","jp-tokyo","https://headroom-app.org/#faq","200","4","71","72","0","d1b3f39f","en-US","-540","35.6762","0","1","inpage-click;lang=en-US;tzOff=-540;title=Headroom - Free Mac Disk Space Analyzer "
"2026-10-08T22:20:44.996Z","soak-u5-i6","macbook-air","slow-3g","sg-singapore","https://headroom-app.org/#features","200","1","107","108","0","76357a32","en-US","-480","1.3521","0","1","inpage-click;lang=en-US;tzOff=-480;title=Headroom - Free Mac Disk Space Analyzer "
"2026-10-08T22:20:46.719Z","soak-u2-i7","galaxy-s24","fast-3g","jp-tokyo","https://headroom-app.org/sitemap.xml","200","4","168","169","1","963f1688","en-US","-540","35.6762","1","1","lang=en-US;tzOff=-540;title="
"2026-10-08T22:20:47.383Z","soak-u3-i7","iphone-15","4g","uk-london","https://headroom-app.org/#faq","200","1","56","57","0","3ebc1acc","en-US","-60","51.5074","0","1","inpage-click;lang=en-US;tzOff=-60;title=Headroom - Free Mac Disk Space Analyzer "
"2026-10-08T22:20:47.389Z","soak-u1-i7","iphone-15","fast-3g","in-mumbai","https://headroom-app.org/","200","1","56","56","0","3ebc1acc","en-US","-330","19.076","0","1","inpage-click;lang=en-US;tzOff=-330;title=Headroom - Free Mac Disk Space Analyzer "
"2026-10-08T22:20:47.404Z","soak-u5-i7","iphone-se","fast-3g","us-la","https://headroom-app.org/#features","200","1","47","49","0","ad591494","en-US","420","34.0522","0","1","inpage-click;lang=en-US;tzOff=420;title=Headroom - Free Mac Disk Space Analyzer "
"2026-10-08T22:20:51.691Z","soak-u4-i7","ipad-air","slow-3g","in-mumbai","https://headroom-app.org/#features","200","7","1912","4369","20","0cbf45e1","en-US","-330","19.076","1","1","inpage-click;lang=en-US;tzOff=-330;title=Headroom - Free Mac Disk Space Analyzer "
"2026-10-08T22:20:53.698Z","soak-u4-i8","iphone-se","4g","in-mumbai","https://headroom-app.org/llms.txt","200","1","13","13","0","4e11e085","en-US","-330","19.076","0","1","lang=en-US;tzOff=-330;title="
"2026-10-08T22:20:53.706Z","soak-u1-i8","macbook-pro","wifi","au-sydney","https://headroom-app.org/llms.txt","200","6","18","19","2","4e11e085","en-US","-660","-33.8688","1","1","lang=en-US;tzOff=-660;title="
"2026-10-08T22:20:54.503Z","soak-u5-i8","win-desktop","lossy-4g","sg-singapore","https://headroom-app.org/#features","200","1","40","40","0","2c8ac714","en-US","-480","1.3521","0","1","inpage-click;lang=en-US;tzOff=-480;title=Headroom - Free Mac Disk Space Analyzer "
"2026-10-08T22:20:55.063Z","soak-u3-i8","macbook-air","lossy-4g","us-nyc","https://headroom-app.org/#faq","200","4","626","627","20","bd160d5a","en-US","240","40.7128","1","1","inpage-click;lang=en-US;tzOff=240;title=Headroom - Free Mac Disk Space Analyzer "
"2026-10-08T22:20:55.078Z","soak-u2-i8","ipad-air","lossy-4g","sg-singapore","https://headroom-app.org/","200","4","628","628","20","b7033228","en-US","-480","1.3521","1","1","inpage-click;lang=en-US;tzOff=-480;title=Headroom - Free Mac Disk Space Analyzer "
"2026-10-08T22:20:56.892Z","soak-u2-i9","ipad-air","wifi","il-telaviv","https://headroom-app.org/#duplicates","200","2","53","54","0","b7033228","en-US","-180","32.0853","0","1","inpage-click;lang=en-US;tzOff=-180;title=Headroom - Free Mac Disk Space Analyzer "
"2026-10-08T22:20:56.907Z","soak-u1-i9","iphone-se","wifi","au-sydney","https://headroom-app.org/#faq","200","2","72","72","0","d3b46d3a","en-US","-660","-33.8688","0","1","inpage-click;lang=en-US;tzOff=-660;title=Headroom - Free Mac Disk Space Analyzer "
"2026-10-08T22:20:56.911Z","soak-u4-i9","ipad-air","fast-3g","us-la","https://headroom-app.org/","200","2","66","67","0","b7033228","en-US","420","34.0522","0","1","inpage-click;lang=en-US;tzOff=420;title=Headroom - Free Mac Disk Space Analyzer "
"2026-10-08T22:20:56.918Z","soak-u5-i9","win-laptop","4g","il-telaviv","https://headroom-app.org/#features","200","1","54","55","0","9ad069d7","en-US","-180","32.0853","0","1","inpage-click;lang=en-US;tzOff=-180;title=Headroom - Free Mac Disk Space Analyzer "
"2026-10-08T22:20:57.789Z","soak-u3-i9","ipad-air","fast-3g","uk-london","https://headroom-app.org/#faq","200","8","945","946","20","eec9686e","en-US","-60","51.5074","1","1","inpage-click;lang=en-US;tzOff=-60;title=Headroom - Free Mac Disk Space Analyzer "
"2026-10-08T22:20:58.949Z","soak-u3-i10","pixel-8","fast-3g","us-nyc","https://headroom-app.org/llms.txt","200","2","19","19","0","4e11e085","en-US","240","40.7128","0","1","lang=en-US;tzOff=240;title="
"2026-10-08T22:20:58.953Z","soak-u2-i10","win-laptop","fast-3g","sg-singapore","https://headroom-app.org/llms.txt","200","1","13","13","0","4e11e085","en-US","-480","1.3521","0","1","lang=en-US;tzOff=-480;title="
"2026-10-08T22:20:58.959Z","soak-u1-i10","galaxy-s24","4g","jp-tokyo","https://headroom-app.org/llms.txt","200","7","21","22","0","4e11e085","en-US","-540","35.6762","0","1","lang=en-US;tzOff=-540;title="
"2026-10-08T22:20:59.734Z","soak-u4-i10","win-laptop","fast-3g","il-telaviv","https://headroom-app.org/#duplicates","200","1","53","55","0","123ca1af","en-US","-180","32.0853","0","1","inpage-click;lang=en-US;tzOff=-180;title=Headroom - Free Mac Disk Space Analyzer "
"2026-10-08T22:20:59.772Z","soak-u5-i10","ipad-air","lossy-4g","us-nyc","https://headroom-app.org/#duplicates","200","2","54","54","0","6a979dad","en-US","240","40.7128","0","1","inpage-click;lang=en-US;tzOff=240;title=Headroom - Free Mac Disk Space Analyzer "
"2026-10-08T22:21:01.372Z","soak-u3-i11","iphone-se","slow-3g","in-mumbai","https://headroom-app.org/llms.txt","200","1","14","15","0","4e11e085","en-US","-330","19.076","0","1","lang=en-US;tzOff=-330;title="
"2026-10-08T22:21:02.153Z","soak-u1-i11","macbook-air","wifi","uk-london","https://headroom-app.org/#faq","200","1","52","53","0","bd160d5a","en-US","-60","51.5074","0","1","inpage-click;lang=en-US;tzOff=-60;title=Headroom - Free Mac Disk Space Analyzer "
"2026-10-08T22:21:02.182Z","soak-u4-i11","macbook-pro","wifi","sg-singapore","https://headroom-app.org/#features","200","7","68","69","20","d1b3f39f","en-US","-480","1.3521","1","1","inpage-click;lang=en-US;tzOff=-480;title=Headroom - Free Mac Disk Space Analyzer "
"2026-10-08T22:21:02.192Z","soak-u5-i11","pixel-8","slow-3g","jp-tokyo","https://headroom-app.org/#faq","200","3","50","68","0","c732e1b3","en-US","-540","35.6762","0","1","inpage-click;lang=en-US;tzOff=-540;title=Headroom - Free Mac Disk Space Analyzer "
"2026-10-08T22:21:02.732Z","soak-u2-i11","win-desktop","lossy-4g","il-telaviv","https://headroom-app.org/#features","200","4","640","641","20","87a9743d","en-US","-180","32.0853","1","1","inpage-click;lang=en-US;tzOff=-180;title=Headroom - Free Mac Disk Space Analyzer "
"2026-10-08T22:21:04.859Z","soak-u1-i12","macbook-air","fast-3g","il-telaviv","https://headroom-app.org/llms.txt","200","2","17","17","0","4e11e085","en-US","-180","32.0853","0","1","lang=en-US;tzOff=-180;title="
"2026-10-08T22:21:04.866Z","soak-u4-i12","iphone-se","wifi","us-la","https://headroom-app.org/sitemap.xml","200","1","28","30","0","963f1688","en-US","420","34.0522","0","1","lang=en-US;tzOff=420;title="
"2026-10-08T22:21:05.665Z","soak-u2-i12","galaxy-s24","4g","in-mumbai","https://headroom-app.org/#duplicates","200","3","66","68","0","9274e3ff","en-US","-330","19.076","0","1","inpage-click;lang=en-US;tzOff=-330;title=Headroom - Free Mac Disk Space Analyzer "
"2026-10-08T22:21:05.689Z","soak-u3-i12","win-laptop","slow-3g","uk-london","https://headroom-app.org/#features","200","1","44","45","0","123ca1af","en-US","-60","51.5074","0","1","inpage-click;lang=en-US;tzOff=-60;title=Headroom - Free Mac Disk Space Analyzer "
"2026-10-08T22:21:05.712Z","soak-u5-i12","macbook-pro","lossy-4g","il-telaviv","https://headroom-app.org/#faq","200","1","79","79","0","b8d5dc18","en-US","-180","32.0853","0","1","inpage-click;lang=en-US;tzOff=-180;title=Headroom - Free Mac Disk Space Analyzer "
"2026-10-08T22:21:08.467Z","soak-u2-i13","win-desktop","slow-3g","uk-london","https://headroom-app.org/","200","1","40","41","0","87a9743d","en-US","-60","51.5074","0","1","inpage-click;lang=en-US;tzOff=-60;title=Headroom - Free Mac Disk Space Analyzer "
"2026-10-08T22:21:10.357Z","soak-u5-i13","galaxy-s24","4g","de-berlin","https://headroom-app.org/#features","200","408","731","1935","0","14d43e81","en-US","-120","52.52","0","1","inpage-click;lang=en-US;tzOff=-120;title=Headroom - Free Mac Disk Space Analyzer "
"2026-10-08T22:21:11.162Z","soak-u1-i13","galaxy-s24","lossy-4g","in-mumbai","https://headroom-app.org/#faq","200","406","2754","2756","0","9274e3ff","en-US","-330","19.076","0","1","inpage-click;lang=en-US;tzOff=-330;title=Headroom - Free Mac Disk Space Analyzer "
"2026-10-08T22:21:11.167Z","soak-u3-i13","macbook-pro","slow-3g","il-telaviv","https://headroom-app.org/#duplicates","200","6","2754","2755","20","d1b3f39f","en-US","-180","32.0853","1","1","inpage-click;lang=en-US;tzOff=-180;title=Headroom - Free Mac Disk Space Analyzer "
"2026-10-08T22:21:11.176Z","soak-u4-i13","win-laptop","4g","us-nyc","https://headroom-app.org/","200","403","2752","2753","0","8f788bb2","en-US","240","40.7128","0","1","inpage-click;lang=en-US;tzOff=240;title=Headroom - Free Mac Disk Space Analyzer "
"2026-10-08T22:21:12.798Z","soak-u1-i14","win-desktop","fast-3g","in-mumbai","https://headroom-app.org/llms.txt","200","1","11","11","0","4e11e085","en-US","-330","19.076","0","1","lang=en-US;tzOff=-330;title="
"2026-10-08T22:21:13.597Z","soak-u4-i14","iphone-se","slow-3g","us-nyc","https://headroom-app.org/#duplicates","200","3","60","61","0","d3b46d3a","en-US","240","40.7128","0","1","inpage-click;lang=en-US;tzOff=240;title=Headroom - Free Mac Disk Space Analyzer "
"2026-10-08T22:21:13.657Z","soak-u3-i14","win-laptop","fast-3g","il-telaviv","https://headroom-app.org/#features","200","1","61","62","0","123ca1af","en-US","-180","32.0853","0","1","inpage-click;lang=en-US;tzOff=-180;title=Headroom - Free Mac Disk Space Analyzer "
"2026-10-08T22:21:13.671Z","soak-u5-i14","galaxy-s24","slow-3g","sg-singapore","https://headroom-app.org/#duplicates","200","5","66","87","0","c657092e","en-US","-480","1.3521","0","1","inpage-click;lang=en-US;tzOff=-480;title=Headroom - Free Mac Disk Space Analyzer "
"2026-10-08T22:21:14.490Z","soak-u2-i14","pixel-8","fast-3g","il-telaviv","https://headroom-app.org/#faq","200","9","956","956","20","92deb576","en-US","-180","32.0853","1","1","inpage-click;lang=en-US;tzOff=-180;title=Headroom - Free Mac Disk Space Analyzer "
"2026-10-08T22:21:16.525Z","soak-u2-i15","ipad-air","slow-3g","br-saopaulo","https://headroom-app.org/llms.txt","200","1","19","19","0","4e11e085","en-US","180","-23.5505","0","1","lang=en-US;tzOff=180;title="
"2026-10-08T22:21:17.301Z","soak-u1-i15","win-desktop","fast-3g","uk-london","https://headroom-app.org/","200","1","49","50","0","87a9743d","en-US","-60","51.5074","0","1","inpage-click;lang=en-US;tzOff=-60;title=Headroom - Free Mac Disk Space Analyzer "
"2026-10-08T22:21:17.399Z","soak-u5-i15","macbook-pro","fast-3g","uk-london","https://headroom-app.org/","200","1","77","78","0","9851420e","en-US","-60","51.5074","0","1","inpage-click;lang=en-US;tzOff=-60;title=Headroom - Free Mac Disk Space Analyzer "
"2026-10-08T22:21:17.541Z","soak-u4-i15","macbook-air","4g","us-la","https://headroom-app.org/#duplicates","200","5","289","290","20","bd160d5a","en-US","420","34.0522","1","1","inpage-click;lang=en-US;tzOff=420;title=Headroom - Free Mac Disk Space Analyzer "
"2026-10-08T22:21:17.893Z","soak-u3-i15","iphone-15","lossy-4g","au-sydney","https://headroom-app.org/#faq","200","4","632","633","20","3ebc1acc","en-US","-660","-33.8688","1","1","inpage-click;lang=en-US;tzOff=-660;title=Headroom - Free Mac Disk Space Analyzer "
"2026-10-08T22:21:18.884Z","soak-u4-i16","win-laptop","4g","uk-london","https://headroom-app.org/sitemap.xml","200","5","46","48","1","963f1688","en-US","-60","51.5074","1","1","lang=en-US;tzOff=-60;title="
"2026-10-08T22:21:19.679Z","soak-u3-i16","iphone-15","wifi","uk-london","https://headroom-app.org/#features","200","4","73","74","0","3ebc1acc","en-US","-60","51.5074","0","1","inpage-click;lang=en-US;tzOff=-60;title=Headroom - Free Mac Disk Space Analyzer "
"2026-10-08T22:21:19.681Z","soak-u1-i16","iphone-se","fast-3g","in-mumbai","https://headroom-app.org/#duplicates","200","3","75","76","0","d3b46d3a","en-US","-330","19.076","0","1","inpage-click;lang=en-US;tzOff=-330;title=Headroom - Free Mac Disk Space Analyzer "
"2026-10-08T22:21:19.721Z","soak-u5-i16","macbook-pro","wifi","br-saopaulo","https://headroom-app.org/#faq","200","1","53","56","0","e5f7e402","en-US","180","-23.5505","0","1","inpage-click;lang=en-US;tzOff=180;title=Headroom - Free Mac Disk Space Analyzer "
"2026-10-08T22:21:19.754Z","soak-u2-i16","iphone-se","lossy-4g","il-telaviv","https://headroom-app.org/#duplicates","200","2","74","76","0","d3b46d3a","en-US","-180","32.0853","0","1","inpage-click;lang=en-US;tzOff=-180;title=Headroom - Free Mac Disk Space Analyzer "
"2026-10-08T22:21:22.356Z","soak-u3-i17","win-laptop","lossy-4g","de-berlin","https://headroom-app.org/#faq","200","1","45","46","0","123ca1af","en-US","-120","52.52","0","1","inpage-click;lang=en-US;tzOff=-120;title=Headroom - Free Mac Disk Space Analyzer "
"2026-10-08T22:21:22.415Z","soak-u4-i17","macbook-pro","slow-3g","us-nyc","https://headroom-app.org/#faq","200","1","47","48","0","d1b3f39f","en-US","240","40.7128","0","1","inpage-click;lang=en-US;tzOff=240;title=Headroom - Free Mac Disk Space Analyzer "
"2026-10-08T22:21:22.588Z","soak-u1-i17","pixel-8","slow-3g","us-la","https://headroom-app.org/#duplicates","200","15","252","253","0","0e7abbde","en-US","420","34.0522","0","1","inpage-click;lang=en-US;tzOff=420;title=Headroom - Free Mac Disk Space Analyzer "
"2026-10-08T22:21:22.593Z","soak-u2-i17","pixel-8","fast-3g","de-berlin","https://headroom-app.org/","200","9","248","249","0","0e7abbde","en-US","-120","52.52","0","1","inpage-click;lang=en-US;tzOff=-120;title=Headroom - Free Mac Disk Space Analyzer "
"2026-10-08T22:21:22.786Z","soak-u5-i17","macbook-pro","4g","in-mumbai","https://headroom-app.org/#features","200","5","179","493","20","d737e80f","en-US","-330","19.076","1","1","inpage-click;lang=en-US;tzOff=-330;title=Headroom - Free Mac Disk Space Analyzer "
"2026-10-08T22:21:25.606Z","soak-u2-i18","galaxy-s24","wifi","il-telaviv","https://headroom-app.org/","200","2","39","39","0","9274e3ff","en-US","-180","32.0853","0","1","inpage-click;lang=en-US;tzOff=-180;title=Headroom - Free Mac Disk Space Analyzer "
"2026-10-08T22:21:25.771Z","soak-u4-i18","iphone-se","slow-3g","in-mumbai","https://headroom-app.org/#features","200","80","174","175","0","d3b46d3a","en-US","-330","19.076","0","1","inpage-click;lang=en-US;tzOff=-330;title=Headroom - Free Mac Disk Space Analyzer "
"2026-10-08T22:21:25.774Z","soak-u1-i18","iphone-15","slow-3g","us-la","https://headroom-app.org/#features","200","79","172","173","0","3ebc1acc","en-US","420","34.0522","0","1","inpage-click;lang=en-US;tzOff=420;title=Headroom - Free Mac Disk Space Analyzer "
"2026-10-08T22:21:26.206Z","soak-u3-i18","pixel-8","lossy-4g","uk-london","https://headroom-app.org/","200","4","643","644","20","0e7abbde","en-US","-60","51.5074","1","1","inpage-click;lang=en-US;tzOff=-60;title=Headroom - Free Mac Disk Space Analyzer "
"2026-10-08T22:21:29.925Z","soak-u5-i18","macbook-pro","slow-3g","br-saopaulo","https://headroom-app.org/#duplicates","200","4","1734","4356","20","301c5e1c","en-US","180","-23.5505","1","1","inpage-click;lang=en-US;tzOff=180;title=Headroom - Free Mac Disk Space Analyzer "
"2026-10-08T22:21:31.475Z","soak-u3-i19","ipad-air","slow-3g","uk-london","https://headroom-app.org/sitemap.xml","200","5","428","430","1","963f1688","en-US","-60","51.5074","1","1","lang=en-US;tzOff=-60;title="
"2026-10-08T22:21:31.840Z","soak-u1-i19","macbook-pro","fast-3g","uk-london","https://headroom-app.org/#faq","200","2","48","49","0","d1b3f39f","en-US","-60","51.5074","0","1","inpage-click;lang=en-US;tzOff=-60;title=Headroom - Free Mac Disk Space Analyzer "
"2026-10-08T22:21:31.862Z","soak-u5-i19","win-laptop","wifi","us-nyc","https://headroom-app.org/#features","200","1","47","48","0","9ad069d7","en-US","240","40.7128","0","1","inpage-click;lang=en-US;tzOff=240;title=Headroom - Free Mac Disk Space Analyzer "
"2026-10-08T22:21:32.643Z","soak-u4-i19","iphone-15","slow-3g","jp-tokyo","https://headroom-app.org/#faq","200","146","265","626","0","ee0febbe","en-US","-540","35.6762","0","1","inpage-click;lang=en-US;tzOff=-540;title=Headroom - Free Mac Disk Space Analyzer "
"2026-10-08T22:21:32.738Z","soak-u2-i19","win-laptop","fast-3g","au-sydney","https://headroom-app.org/#faq","200","5","953","954","20","123ca1af","en-US","-660","-33.8688","1","1","inpage-click;lang=en-US;tzOff=-660;title=Headroom - Free Mac Disk Space Analyzer "
"2026-10-08T22:21:34.712Z","soak-u1-i20","win-laptop","fast-3g","au-sydney","https://headroom-app.org/sitemap.xml","200","2","39","42","0","963f1688","en-US","-660","-33.8688","0","1","lang=en-US;tzOff=-660;title="
"2026-10-08T22:21:35.510Z","soak-u3-i20","win-laptop","slow-3g","uk-london","https://headroom-app.org/#duplicates","200","1","75","76","0","123ca1af","en-US","-60","51.5074","0","1","inpage-click;lang=en-US;tzOff=-60;title=Headroom - Free Mac Disk Space Analyzer "
"2026-10-08T22:21:35.513Z","soak-u4-i20","iphone-se","fast-3g","br-saopaulo","https://headroom-app.org/#features","200","2","71","72","0","d3b46d3a","en-US","180","-23.5505","0","1","inpage-click;lang=en-US;tzOff=180;title=Headroom - Free Mac Disk Space Analyzer "
"2026-10-08T22:21:35.518Z","soak-u2-i20","win-laptop","fast-3g","au-sydney","https://headroom-app.org/","200","1","75","75","0","123ca1af","en-US","-660","-33.8688","0","1","inpage-click;lang=en-US;tzOff=-660;title=Headroom - Free Mac Disk Space Analyzer "
"2026-10-08T22:21:35.524Z","soak-u5-i20","pixel-8","slow-3g","br-saopaulo","https://headroom-app.org/#faq","200","1","62","64","0","ece803dc","en-US","180","-23.5505","0","1","inpage-click;lang=en-US;tzOff=180;title=Headroom - Free Mac Disk Space Analyzer "
"2026-10-08T22:21:37.248Z","soak-u3-i21","pixel-8","lossy-4g","jp-tokyo","https://headroom-app.org/llms.txt","200","2","24","24","0","4e11e085","en-US","-540","35.6762","0","1","lang=en-US;tzOff=-540;title="
"2026-10-08T22:21:37.264Z","soak-u4-i21","iphone-se","lossy-4g","jp-tokyo","https://headroom-app.org/llms.txt","200","1","28","28","0","4e11e085","en-US","-540","35.6762","0","1","lang=en-US;tzOff=-540;title="
"2026-10-08T22:21:38.111Z","soak-u1-i21","macbook-air","lossy-4g","jp-tokyo","https://headroom-app.org/#duplicates","200","1","60","61","0","bd160d5a","en-US","-540","35.6762","0","1","inpage-click;lang=en-US;tzOff=-540;title=Headroom - Free Mac Disk Space Analyzer "
"2026-10-08T22:21:38.114Z","soak-u2-i21","iphone-15","4g","sg-singapore","https://headroom-app.org/#duplicates","200","1","56","57","0","3ebc1acc","en-US","-480","1.3521","0","1","inpage-click;lang=en-US;tzOff=-480;title=Headroom - Free Mac Disk Space Analyzer "
"2026-10-08T22:21:38.130Z","soak-u5-i21","pixel-8","wifi","jp-tokyo","https://headroom-app.org/#duplicates","200","2","64","64","0","fe4b93d6","en-US","-540","35.6762","0","1","inpage-click;lang=en-US;tzOff=-540;title=Headroom - Free Mac Disk Space Analyzer "
"2026-10-08T22:21:39.467Z","soak-u3-i22","iphone-se","fast-3g","us-la","https://headroom-app.org/llms.txt","200","2","23","23","0","4e11e085","en-US","420","34.0522","0","1","lang=en-US;tzOff=420;title="
"2026-10-08T22:21:40.307Z","soak-u2-i22","win-laptop","4g","sg-singapore","https://headroom-app.org/#duplicates","200","1","80","81","0","123ca1af","en-US","-480","1.3521","0","1","inpage-click;lang=en-US;tzOff=-480;title=Headroom - Free Mac Disk Space Analyzer "
"2026-10-08T22:21:40.328Z","soak-u4-i22","galaxy-s24","slow-3g","br-saopaulo","https://headroom-app.org/#features","200","1","82","83","0","9274e3ff","en-US","180","-23.5505","0","1","inpage-click;lang=en-US;tzOff=180;title=Headroom - Free Mac Disk Space Analyzer "
"2026-10-08T22:21:40.334Z","soak-u1-i22","win-laptop","fast-3g","sg-singapore","https://headroom-app.org/#duplicates","200","1","112","115","0","123ca1af","en-US","-480","1.3521","0","1","inpage-click;lang=en-US;tzOff=-480;title=Headroom - Free Mac Disk Space Analyzer "
"2026-10-08T22:21:40.342Z","soak-u5-i22","iphone-15","wifi","sg-singapore","https://headroom-app.org/#faq","200","16","109","113","20","2d8d8371","en-US","-480","1.3521","1","1","inpage-click;lang=en-US;tzOff=-480;title=Headroom - Free Mac Disk Space Analyzer "
"2026-10-08T22:21:42.231Z","soak-u2-i23","pixel-8","wifi","in-mumbai","https://headroom-app.org/llms.txt","200","1","16","16","0","4e11e085","en-US","-330","19.076","0","1","lang=en-US;tzOff=-330;title="
"2026-10-08T22:21:42.242Z","soak-u4-i23","ipad-air","wifi","us-la","https://headroom-app.org/sitemap.xml","200","1","17","19","0","963f1688","en-US","420","34.0522","0","1","lang=en-US;tzOff=420;title="
"2026-10-08T22:21:43.032Z","soak-u3-i23","pixel-8","wifi","jp-tokyo","https://headroom-app.org/#features","200","5","60","61","20","0e7abbde","en-US","-540","35.6762","1","1","inpage-click;lang=en-US;tzOff=-540;title=Headroom - Free Mac Disk Space Analyzer "
"2026-10-08T22:21:43.074Z","soak-u5-i23","galaxy-s24","wifi","au-sydney","https://headroom-app.org/","200","6","60","61","20","b7141772","en-US","-660","-33.8688","1","1","inpage-click;lang=en-US;tzOff=-660;title=Headroom - Free Mac Disk Space Analyzer "
"2026-10-08T22:21:43.926Z","soak-u1-i23","win-desktop","fast-3g","us-nyc","https://headroom-app.org/#faq","200","5","934","935","20","d38b207e","en-US","240","40.7128","1","1","inpage-click;lang=en-US;tzOff=240;title=Headroom - Free Mac Disk Space Analyzer "
"2026-10-08T22:21:46.008Z","soak-u1-i24","win-desktop","wifi","au-sydney","https://headroom-app.org/sitemap.xml","200","10","28","29","1","963f1688","en-US","-660","-33.8688","1","1","lang=en-US;tzOff=-660;title="
"2026-10-08T22:21:46.836Z","soak-u2-i24","ipad-air","wifi","il-telaviv","https://headroom-app.org/","200","7","68","68","20","b7033228","en-US","-180","32.0853","1","1","inpage-click;lang=en-US;tzOff=-180;title=Headroom - Free Mac Disk Space Analyzer "
"2026-10-08T22:21:46.857Z","soak-u5-i24","macbook-air","lossy-4g","de-berlin","https://headroom-app.org/","200","1","82","88","0","e6d1c001","en-US","-120","52.52","0","1","inpage-click;lang=en-US;tzOff=-120;title=Headroom - Free Mac Disk Space Analyzer "
"2026-10-08T22:21:46.880Z","soak-u3-i24","macbook-pro","lossy-4g","us-la","https://headroom-app.org/#duplicates","200","1","75","77","0","d1b3f39f","en-US","420","34.0522","0","1","inpage-click;lang=en-US;tzOff=420;title=Headroom - Free Mac Disk Space Analyzer "
"2026-10-08T22:21:46.892Z","soak-u4-i24","pixel-8","fast-3g","us-nyc","https://headroom-app.org/#features","200","2","71","72","0","0e7abbde","en-US","240","40.7128","0","1","inpage-click;lang=en-US;tzOff=240;title=Headroom - Free Mac Disk Space Analyzer "
"2026-10-08T22:21:49.482Z","soak-u4-i25","pixel-8","wifi","br-saopaulo","https://headroom-app.org/#faq","200","3","80","81","0","0e7abbde","en-US","180","-23.5505","0","1","inpage-click;lang=en-US;tzOff=180;title=Headroom - Free Mac Disk Space Analyzer "
"2026-10-08T22:21:49.511Z","soak-u3-i25","macbook-pro","slow-3g","de-berlin","https://headroom-app.org/#features","200","1","66","67","0","d1b3f39f","en-US","-120","52.52","0","1","inpage-click;lang=en-US;tzOff=-120;title=Headroom - Free Mac Disk Space Analyzer "
"2026-10-08T22:21:49.531Z","soak-u1-i25","iphone-se","4g","us-nyc","https://headroom-app.org/#duplicates","200","3","64","65","0","d3b46d3a","en-US","240","40.7128","0","1","inpage-click;lang=en-US;tzOff=240;title=Headroom - Free Mac Disk Space Analyzer "
"2026-10-08T22:21:49.557Z","soak-u2-i25","ipad-air","fast-3g","sg-singapore","https://headroom-app.org/#features","200","1","71","72","0","b7033228","en-US","-480","1.3521","0","1","inpage-click;lang=en-US;tzOff=-480;title=Headroom - Free Mac Disk Space Analyzer "
"2026-10-08T22:21:49.562Z","soak-u5-i25","iphone-se","fast-3g","br-saopaulo","https://headroom-app.org/#features","200","3","56","57","0","53b83446","en-US","180","-23.5505","0","1","inpage-click;lang=en-US;tzOff=180;title=Headroom - Free Mac Disk Space Analyzer "
"2026-10-08T22:21:51.545Z","soak-u3-i26","macbook-pro","lossy-4g","in-mumbai","https://headroom-app.org/sitemap.xml","200","5","96","97","1","963f1688","en-US","-330","19.076","1","1","lang=en-US;tzOff=-330;title="
"2026-10-08T22:21:52.264Z","soak-u4-i26","iphone-se","wifi","jp-tokyo","https://headroom-app.org/#features","200","1","41","41","0","d3b46d3a","en-US","-540","35.6762","0","1","inpage-click;lang=en-US;tzOff=-540;title=Headroom - Free Mac Disk Space Analyzer "
"2026-10-08T22:21:52.833Z","soak-u1-i26","iphone-15","lossy-4g","au-sydney","https://headroom-app.org/#duplicates","200","6","633","633","20","3ebc1acc","en-US","-660","-33.8688","1","1","inpage-click;lang=en-US;tzOff=-660;title=Headroom - Free Mac Disk Space Analyzer "
"2026-10-08T22:21:52.848Z","soak-u2-i26","ipad-air","lossy-4g","de-berlin","https://headroom-app.org/#faq","200","6","638","639","20","b7033228","en-US","-120","52.52","1","1","inpage-click;lang=en-US;tzOff=-120;title=Headroom - Free Mac Disk Space Analyzer "
"2026-10-08T22:21:53.252Z","soak-u5-i26","win-laptop","fast-3g","de-berlin","https://headroom-app.org/#duplicates","200","5","570","1037","20","bc25c3aa","en-US","-120","52.52","1","1","inpage-click;lang=en-US;tzOff=-120;title=Headroom - Free Mac Disk Space Analyzer "
"2026-10-08T22:21:54.624Z","soak-u5-i27","pixel-8","wifi","in-mumbai","https://headroom-app.org/llms.txt","200","2","26","27","0","4e11e085","en-US","-330","19.076","0","1","lang=en-US;tzOff=-330;title="
"2026-10-08T22:21:55.447Z","soak-u2-i27","galaxy-s24","wifi","jp-tokyo","https://headroom-app.org/#features","200","2","63","64","0","9274e3ff","en-US","-540","35.6762","0","1","inpage-click;lang=en-US;tzOff=-540;title=Headroom - Free Mac Disk Space Analyzer "
"2026-10-08T22:21:55.454Z","soak-u4-i27","iphone-se","fast-3g","us-nyc","https://headroom-app.org/#duplicates","200","1","61","62","0","93d5f315","en-US","240","40.7128","0","1","inpage-click;lang=en-US;tzOff=240;title=Headroom - Free Mac Disk Space Analyzer "
"2026-10-08T22:21:55.484Z","soak-u1-i27","macbook-air","fast-3g","sg-singapore","https://headroom-app.org/#duplicates","200","2","63","64","0","bd160d5a","en-US","-480","1.3521","0","1","inpage-click;lang=en-US;tzOff=-480;title=Headroom - Free Mac Disk Space Analyzer "
"2026-10-08T22:21:55.493Z","soak-u3-i27","galaxy-s24","wifi","us-la","https://headroom-app.org/#duplicates","200","1","68","69","0","9274e3ff","en-US","420","34.0522","0","1","inpage-click;lang=en-US;tzOff=420;title=Headroom - Free Mac Disk Space Analyzer "
"2026-10-08T22:21:58.572Z","soak-u2-i28","galaxy-s24","4g","in-mumbai","https://headroom-app.org/#features","200","5","293","294","20","9274e3ff","en-US","-330","19.076","1","1","inpage-click;lang=en-US;tzOff=-330;title=Headroom - Free Mac Disk Space Analyzer "
"2026-10-08T22:21:58.575Z","soak-u1-i28","iphone-15","wifi","jp-tokyo","https://headroom-app.org/#duplicates","200","22","293","294","0","3ebc1acc","en-US","-540","35.6762","0","1","inpage-click;lang=en-US;tzOff=-540;title=Headroom - Free Mac Disk Space Analyzer "
"2026-10-08T22:21:58.610Z","soak-u4-i28","ipad-air","wifi","jp-tokyo","https://headroom-app.org/#faq","200","21","290","291","0","b7033228","en-US","-540","35.6762","0","1","inpage-click;lang=en-US;tzOff=-540;title=Headroom - Free Mac Disk Space Analyzer "
"2026-10-08T22:21:59.323Z","soak-u5-i28","pixel-8","lossy-4g","us-nyc","https://headroom-app.org/#duplicates","200","4","368","1034","20","bd42b6bf","en-US","240","40.7128","1","1","inpage-click;lang=en-US;tzOff=240;title=Headroom - Free Mac Disk Space Analyzer "
"2026-10-08T22:22:00.122Z","soak-u3-i28","pixel-8","4g","jp-tokyo","https://headroom-app.org/#duplicates","200","81","546","587","0","94df1732","en-US","-540","35.6762","0","1","inpage-click;lang=en-US;tzOff=-540;title=Headroom - Free Mac Disk Space Analyzer "
"2026-10-08T22:22:02.068Z","soak-u3-i29","win-laptop","slow-3g","in-mumbai","https://headroom-app.org/#duplicates","200","1","61","61","0","123ca1af","en-US","-330","19.076","0","1","inpage-click;lang=en-US;tzOff=-330;title=Headroom - Free Mac Disk Space Analyzer "
"2026-10-08T22:22:02.100Z","soak-u1-i29","iphone-15","lossy-4g","uk-london","https://headroom-app.org/#features","200","2","48","49","0","3ebc1acc","en-US","-60","51.5074","0","1","inpage-click;lang=en-US;tzOff=-60;title=Headroom - Free Mac Disk Space Analyzer "
"2026-10-08T22:22:02.109Z","soak-u4-i29","macbook-pro","4g","br-saopaulo","https://headroom-app.org/","200","1","52","52","0","d1b3f39f","en-US","180","-23.5505","0","1","inpage-click;lang=en-US;tzOff=180;title=Headroom - Free Mac Disk Space Analyzer "
"2026-10-08T22:22:02.211Z","soak-u5-i29","ipad-air","slow-3g","de-berlin","https://headroom-app.org/#features","200","23","104","105","0","4d8d2540","en-US","-120","52.52","0","1","inpage-click;lang=en-US;tzOff=-120;title=Headroom - Free Mac Disk Space Analyzer "
"2026-10-08T22:22:02.268Z","soak-u2-i29","galaxy-s24","4g","au-sydney","https://headroom-app.org/","200","6","288","289","20","9274e3ff","en-US","-660","-33.8688","1","1","inpage-click;lang=en-US;tzOff=-660;title=Headroom - Free Mac Disk Space Analyzer "
"2026-10-08T22:22:04.435Z","soak-u2-i30","win-laptop","lossy-4g","in-mumbai","https://headroom-app.org/llms.txt","200","5","105","105","2","4e11e085","en-US","-330","19.076","1","1","lang=en-US;tzOff=-330;title="
"2026-10-08T22:22:05.542Z","soak-u5-i30","galaxy-s24","slow-3g","de-berlin","https://headroom-app.org/","200","75","177","431","0","1db60152","en-US","-120","52.52","0","1","inpage-click;lang=en-US;tzOff=-120;title=Headroom - Free Mac Disk Space Analyzer "
"2026-10-08T22:22:05.729Z","soak-u4-i30","win-desktop","lossy-4g","uk-london","https://headroom-app.org/","200","5","633","633","20","87a9743d","en-US","-60","51.5074","1","1","inpage-click;lang=en-US;tzOff=-60;title=Headroom - Free Mac Disk Space Analyzer "
"2026-10-08T22:22:05.768Z","soak-u3-i30","win-desktop","4g","us-nyc","https://headroom-app.org/","200","77","624","625","0","87a9743d","en-US","240","40.7128","0","1","inpage-click;lang=en-US;tzOff=240;title=Headroom - Free Mac Disk Space Analyzer "
"2026-10-08T22:22:05.775Z","soak-u1-i30","macbook-air","lossy-4g","il-telaviv","https://headroom-app.org/#features","200","83","631","631","0","bd160d5a","en-US","-180","32.0853","0","1","inpage-click;lang=en-US;tzOff=-180;title=Headroom - Free Mac Disk Space Analyzer "
"2026-10-08T22:22:07.789Z","soak-u4-i31","win-laptop","slow-3g","il-telaviv","https://headroom-app.org/sitemap.xml","200","1","11","12","0","963f1688","en-US","-180","32.0853","0","1","lang=en-US;tzOff=-180;title="
"2026-10-08T22:22:08.590Z","soak-u3-i31","win-desktop","4g","il-telaviv","https://headroom-app.org/","200","1","47","48","0","87a9743d","en-US","-180","32.0853","0","1","inpage-click;lang=en-US;tzOff=-180;title=Headroom - Free Mac Disk Space Analyzer "
"2026-10-08T22:22:08.762Z","soak-u5-i31","iphone-15","slow-3g","br-saopaulo","https://headroom-app.org/","200","20","107","205","0","93ec0299","en-US","180","-23.5505","0","1","inpage-click;lang=en-US;tzOff=180;title=Headroom - Free Mac Disk Space Analyzer "
"2026-10-08T22:22:08.831Z","soak-u1-i31","macbook-air","4g","sg-singapore","https://headroom-app.org/#faq","200","5","290","291","20","bd160d5a","en-US","-480","1.3521","1","1","inpage-click;lang=en-US;tzOff=-480;title=Headroom - Free Mac Disk Space Analyzer "
"2026-10-08T22:22:09.560Z","soak-u2-i31","pixel-8","fast-3g","in-mumbai","https://headroom-app.org/","200","22","103","207","0","92deb576","en-US","-330","19.076","0","1","inpage-click;lang=en-US;tzOff=-330;title=Headroom - Free Mac Disk Space Analyzer "
"2026-10-08T22:22:10.523Z","soak-u3-i32","win-laptop","slow-3g","sg-singapore","https://headroom-app.org/sitemap.xml","200","2","19","20","0","963f1688","en-US","-480","1.3521","0","1","lang=en-US;tzOff=-480;title="
"2026-10-08T22:22:10.536Z","soak-u1-i32","win-laptop","wifi","uk-london","https://headroom-app.org/llms.txt","200","4","16","16","0","4e11e085","en-US","-60","51.5074","0","1","lang=en-US;tzOff=-60;title="
"2026-10-08T22:22:10.549Z","soak-u2-i32","iphone-15","wifi","in-mumbai","https://headroom-app.org/llms.txt","200","7","15","15","2","4e11e085","en-US","-330","19.076","1","1","lang=en-US;tzOff=-330;title="
"2026-10-08T22:22:11.352Z","soak-u4-i32","macbook-pro","wifi","de-berlin","https://headroom-app.org/","200","1","54","55","0","d1b3f39f","en-US","-120","52.52","0","1","inpage-click;lang=en-US;tzOff=-120;title=Headroom - Free Mac Disk Space Analyzer "
"2026-10-08T22:22:15.621Z","soak-u5-i32","macbook-air","slow-3g","il-telaviv","https://headroom-app.org/#duplicates","200","6","1723","4345","20","93801b65","en-US","-180","32.0853","1","1","inpage-click;lang=en-US;tzOff=-180;title=Headroom - Free Mac Disk Space Analyzer "
"2026-10-08T22:22:17.199Z","soak-u5-i33","pixel-8","slow-3g","au-sydney","https://headroom-app.org/llms.txt","200","1","19","19","0","4e11e085","en-US","-660","-33.8688","0","1","lang=en-US;tzOff=-660;title="
"2026-10-08T22:22:17.206Z","soak-u2-i33","win-desktop","4g","jp-tokyo","https://headroom-app.org/sitemap.xml","200","1","22","24","0","963f1688","en-US","-540","35.6762","0","1","lang=en-US;tzOff=-540;title="
"2026-10-08T22:22:18.053Z","soak-u3-i33","macbook-pro","fast-3g","br-saopaulo","https://headroom-app.org/#features","200","1","56","56","0","d1b3f39f","en-US","180","-23.5505","0","1","inpage-click;lang=en-US;tzOff=180;title=Headroom - Free Mac Disk Space Analyzer "
"2026-10-08T22:22:18.073Z","soak-u4-i33","iphone-se","lossy-4g","de-berlin","https://headroom-app.org/","200","1","53","54","0","2e528601","en-US","-120","52.52","0","1","inpage-click;lang=en-US;tzOff=-120;title=Headroom - Free Mac Disk Space Analyzer "
"2026-10-08T22:22:18.554Z","soak-u1-i33","win-desktop","lossy-4g","de-berlin","https://headroom-app.org/#features","200","6","626","627","20","87a9743d","en-US","-120","52.52","1","1","inpage-click;lang=en-US;tzOff=-120;title=Headroom - Free Mac Disk Space Analyzer "
"2026-10-08T22:22:21.089Z","soak-u1-i34","macbook-pro","lossy-4g","au-sydney","https://headroom-app.org/","200","1","43","43","0","d1b3f39f","en-US","-660","-33.8688","0","1","inpage-click;lang=en-US;tzOff=-660;title=Headroom - Free Mac Disk Space Analyzer "
"2026-10-08T22:22:21.236Z","soak-u5-i34","ipad-air","wifi","sg-singapore","https://headroom-app.org/","200","18","113","205","0","08df03af","en-US","-480","1.3521","0","1","inpage-click;lang=en-US;tzOff=-480;title=Headroom - Free Mac Disk Space Analyzer "
"2026-10-08T22:22:21.306Z","soak-u4-i34","win-laptop","4g","uk-london","https://headroom-app.org/#duplicates","200","5","295","295","20","123ca1af","en-US","-60","51.5074","1","1","inpage-click;lang=en-US;tzOff=-60;title=Headroom - Free Mac Disk Space Analyzer "
"2026-10-08T22:22:21.335Z","soak-u3-i34","iphone-15","slow-3g","de-berlin","https://headroom-app.org/","200","17","227","228","0","3ebc1acc","en-US","-120","52.52","0","1","inpage-click;lang=en-US;tzOff=-120;title=Headroom - Free Mac Disk Space Analyzer "
"2026-10-08T22:22:24.232Z","soak-u2-i34","win-laptop","slow-3g","de-berlin","https://headroom-app.org/","200","8","2117","3214","20","cf5efc8b","en-US","-120","52.52","1","1","inpage-click;lang=en-US;tzOff=-120;title=Headroom - Free Mac Disk Space Analyzer "
"2026-10-08T22:22:25.289Z","soak-u1-i35","win-desktop","lossy-4g","br-saopaulo","https://headroom-app.org/sitemap.xml","200","1","15","17","0","963f1688","en-US","180","-23.5505","0","1","lang=en-US;tzOff=180;title="
"2026-10-08T22:22:26.078Z","soak-u2-i35","win-desktop","lossy-4g","uk-london","https://headroom-app.org/#duplicates","200","1","57","57","0","87a9743d","en-US","-60","51.5074","0","1","inpage-click;lang=en-US;tzOff=-60;title=Headroom - Free Mac Disk Space Analyzer "
"2026-10-08T22:22:26.103Z","soak-u3-i35","galaxy-s24","wifi","au-sydney","https://headroom-app.org/#faq","200","10","65","66","20","9274e3ff","en-US","-660","-33.8688","1","1","inpage-click;lang=en-US;tzOff=-660;title=Headroom - Free Mac Disk Space Analyzer "
"2026-10-08T22:22:26.114Z","soak-u5-i35","ipad-air","wifi","uk-london","https://headroom-app.org/","200","3","52","53","0","bc379e51","en-US","-60","51.5074","0","1","inpage-click;lang=en-US;tzOff=-60;title=Headroom - Free Mac Disk Space Analyzer "
"2026-10-08T22:22:29.201Z","soak-u4-i35","iphone-se","slow-3g","jp-tokyo","https://headroom-app.org/#duplicates","200","7","1884","3168","20","a56d6f8f","en-US","-540","35.6762","1","1","inpage-click;lang=en-US;tzOff=-540;title=Headroom - Free Mac Disk Space Analyzer "
"2026-10-08T22:22:30.764Z","soak-u3-i36","pixel-8","4g","br-saopaulo","https://headroom-app.org/llms.txt","200","1","7","7","0","4e11e085","en-US","180","-23.5505","0","1","lang=en-US;tzOff=180;title="
"2026-10-08T22:22:32.157Z","soak-u5-i36","galaxy-s24","wifi","br-saopaulo","https://headroom-app.org/#features","200","152","273","628","0","41be488c","en-US","180","-23.5505","0","1","inpage-click;lang=en-US;tzOff=180;title=Headroom - Free Mac Disk Space Analyzer "
"2026-10-08T22:22:32.456Z","soak-u2-i36","macbook-pro","4g","br-saopaulo","https://headroom-app.org/","200","151","942","943","0","d1b3f39f","en-US","180","-23.5505","0","1","inpage-click;lang=en-US;tzOff=180;title=Headroom - Free Mac Disk Space Analyzer "
"2026-10-08T22:22:32.461Z","soak-u4-i36","macbook-air","fast-3g","au-sydney","https://headroom-app.org/#faq","200","5","945","946","20","bd160d5a","en-US","-660","-33.8688","1","1","inpage-click;lang=en-US;tzOff=-660;title=Headroom - Free Mac Disk Space Analyzer "
"2026-10-08T22:22:33.245Z","soak-u1-i36","iphone-15","fast-3g","in-mumbai","https://headroom-app.org/#features","200","149","757","801","0","ee0febbe","en-US","-330","19.076","0","1","inpage-click;lang=en-US;tzOff=-330;title=Headroom - Free Mac Disk Space Analyzer "
"2026-10-08T22:22:35.053Z","soak-u3-i37","win-desktop","fast-3g","us-nyc","https://headroom-app.org/llms.txt","200","1","9","9","0","4e11e085","en-US","240","40.7128","0","1","lang=en-US;tzOff=240;title="
"2026-10-08T22:22:35.055Z","soak-u4-i37","win-laptop","lossy-4g","br-saopaulo","https://headroom-app.org/sitemap.xml","200","1","18","20","0","963f1688","en-US","180","-23.5505","0","1","lang=en-US;tzOff=180;title="
"2026-10-08T22:22:35.064Z","soak-u5-i37","iphone-se","fast-3g","uk-london","https://headroom-app.org/sitemap.xml","200","1","19","22","0","963f1688","en-US","-60","51.5074","0","1","lang=en-US;tzOff=-60;title="
"2026-10-08T22:22:35.193Z","soak-u2-i37","ipad-air","fast-3g","us-nyc","https://headroom-app.org/llms.txt","200","6","167","167","2","4e11e085","en-US","240","40.7128","1","1","lang=en-US;tzOff=240;title="
"2026-10-08T22:22:35.878Z","soak-u1-i37","ipad-air","lossy-4g","au-sydney","https://headroom-app.org/#duplicates","200","1","45","46","0","b7033228","en-US","-660","-33.8688","0","1","inpage-click;lang=en-US;tzOff=-660;title=Headroom - Free Mac Disk Space Analyzer "
"2026-10-08T22:22:37.653Z","soak-u3-i38","ipad-air","wifi","in-mumbai","https://headroom-app.org/llms.txt","200","1","25","25","0","4e11e085","en-US","-330","19.076","0","1","lang=en-US;tzOff=-330;title="
"2026-10-08T22:22:37.659Z","soak-u1-i38","pixel-8","wifi","jp-tokyo","https://headroom-app.org/sitemap.xml","200","9","32","33","1","963f1688","en-US","-540","35.6762","1","1","lang=en-US;tzOff=-540;title="
"2026-10-08T22:22:38.430Z","soak-u4-i38","macbook-air","wifi","in-mumbai","https://headroom-app.org/#duplicates","200","4","61","62","20","bd160d5a","en-US","-330","19.076","1","1","inpage-click;lang=en-US;tzOff=-330;title=Headroom - Free Mac Disk Space Analyzer "
"2026-10-08T22:22:38.471Z","soak-u2-i38","macbook-air","lossy-4g","us-nyc","https://headroom-app.org/#faq","200","1","41","43","0","bd160d5a","en-US","240","40.7128","0","1","inpage-click;lang=en-US;tzOff=240;title=Headroom - Free Mac Disk Space Analyzer "
"2026-10-08T22:22:38.480Z","soak-u5-i38","iphone-15","4g","il-telaviv","https://headroom-app.org/#duplicates","200","2","52","56","0","33e42847","en-US","-180","32.0853","0","1","inpage-click;lang=en-US;tzOff=-180;title=Headroom - Free Mac Disk Space Analyzer "
"2026-10-08T22:22:39.775Z","soak-u3-i39","macbook-air","fast-3g","jp-tokyo","https://headroom-app.org/sitemap.xml","200","1","13","15","0","963f1688","en-US","-540","35.6762","0","1","lang=en-US;tzOff=-540;title="
"2026-10-08T22:22:39.786Z","soak-u2-i39","iphone-se","wifi","de-berlin","https://headroom-app.org/llms.txt","200","2","14","14","0","4e11e085","en-US","-120","52.52","0","1","lang=en-US;tzOff=-120;title="
"2026-10-08T22:22:39.789Z","soak-u4-i39","win-laptop","slow-3g","us-nyc","https://headroom-app.org/llms.txt","200","2","16","16","0","4e11e085","en-US","240","40.7128","0","1","lang=en-US;tzOff=240;title="
"2026-10-08T22:22:40.581Z","soak-u1-i39","iphone-se","4g","uk-london","https://headroom-app.org/#features","200","2","53","54","0","d3b46d3a","en-US","-60","51.5074","0","1","inpage-click;lang=en-US;tzOff=-60;title=Headroom - Free Mac Disk Space Analyzer "
"2026-10-08T22:22:40.587Z","soak-u5-i39","macbook-pro","lossy-4g","br-saopaulo","https://headroom-app.org/","200","1","42","43","0","63b40756","en-US","180","-23.5505","0","1","inpage-click;lang=en-US;tzOff=180;title=Headroom - Free Mac Disk Space Analyzer "
"2026-10-08T22:22:41.914Z","soak-u2-i40","win-desktop","wifi","au-sydney","https://headroom-app.org/sitemap.xml","200","2","27","28","0","963f1688","en-US","-660","-33.8688","0","1","lang=en-US;tzOff=-660;title="
"2026-10-08T22:22:42.749Z","soak-u3-i40","iphone-se","4g","de-berlin","https://headroom-app.org/#features","200","2","76","76","0","d3b46d3a","en-US","-120","52.52","0","1","inpage-click;lang=en-US;tzOff=-120;title=Headroom - Free Mac Disk Space Analyzer "
"2026-10-08T22:22:42.753Z","soak-u1-i40","win-laptop","slow-3g","sg-singapore","https://headroom-app.org/#duplicates","200","1","68","69","0","123ca1af","en-US","-480","1.3521","0","1","inpage-click;lang=en-US;tzOff=-480;title=Headroom - Free Mac Disk Space Analyzer "
"2026-10-08T22:22:42.758Z","soak-u4-i40","iphone-15","4g","us-nyc","https://headroom-app.org/","200","2","49","49","0","3ebc1acc","en-US","240","40.7128","0","1","inpage-click;lang=en-US;tzOff=240;title=Headroom - Free Mac Disk Space Analyzer "
"2026-10-08T22:22:42.798Z","soak-u5-i40","win-desktop","slow-3g","uk-london","https://headroom-app.org/","200","2","67","69","0","6d718993","en-US","-60","51.5074","0","1","inpage-click;lang=en-US;tzOff=-60;title=Headroom - Free Mac Disk Space Analyzer "
"2026-10-08T22:22:44.106Z","soak-u2-i41","ipad-air","lossy-4g","in-mumbai","https://headroom-app.org/llms.txt","200","1","14","15","0","4e11e085","en-US","-330","19.076","0","1","lang=en-US;tzOff=-330;title="
"2026-10-08T22:22:44.114Z","soak-u1-i41","win-laptop","wifi","de-berlin","https://headroom-app.org/sitemap.xml","200","1","21","24","0","963f1688","en-US","-120","52.52","0","1","lang=en-US;tzOff=-120;title="
"2026-10-08T22:22:44.119Z","soak-u5-i41","iphone-se","4g","de-berlin","https://headroom-app.org/llms.txt","200","2","13","13","0","4e11e085","en-US","-120","52.52","0","1","lang=en-US;tzOff=-120;title="
"2026-10-08T22:22:44.947Z","soak-u4-i41","ipad-air","lossy-4g","br-saopaulo","https://headroom-app.org/#duplicates","200","1","47","48","0","17028af1","en-US","180","-23.5505","0","1","inpage-click;lang=en-US;tzOff=180;title=Headroom - Free Mac Disk Space Analyzer "
"2026-10-08T22:22:45.484Z","soak-u3-i41","galaxy-s24","lossy-4g","jp-tokyo","https://headroom-app.org/#features","200","5","631","632","20","9274e3ff","en-US","-540","35.6762","1","1","inpage-click;lang=en-US;tzOff=-540;title=Headroom - Free Mac Disk Space Analyzer "
"2026-10-08T22:22:47.578Z","soak-u1-i42","win-laptop","fast-3g","sg-singapore","https://headroom-app.org/#faq","200","1","48","49","0","123ca1af","en-US","-480","1.3521","0","1","inpage-click;lang=en-US;tzOff=-480;title=Headroom - Free Mac Disk Space Analyzer "
"2026-10-08T22:22:47.630Z","soak-u5-i42","macbook-pro","4g","sg-singapore","https://headroom-app.org/#features","200","4","41","42","0","06d58c01","en-US","-480","1.3521","0","1","inpage-click;lang=en-US;tzOff=-480;title=Headroom - Free Mac Disk Space Analyzer "
"2026-10-08T22:22:47.756Z","soak-u4-i42","pixel-8","4g","jp-tokyo","https://headroom-app.org/#faq","200","23","216","217","0","0e7abbde","en-US","-540","35.6762","0","1","inpage-click;lang=en-US;tzOff=-540;title=Headroom - Free Mac Disk Space Analyzer "
"2026-10-08T22:22:47.815Z","soak-u2-i42","iphone-se","4g","au-sydney","https://headroom-app.org/","200","8","290","290","20","d3b46d3a","en-US","-660","-33.8688","1","1","inpage-click;lang=en-US;tzOff=-660;title=Headroom - Free Mac Disk Space Analyzer "
"2026-10-08T22:22:48.498Z","soak-u3-i42","iphone-se","fast-3g","au-sydney","https://headroom-app.org/#duplicates","200","8","961","962","20","d3b46d3a","en-US","-660","-33.8688","1","1","inpage-click;lang=en-US;tzOff=-660;title=Headroom - Free Mac Disk Space Analyzer "
"2026-10-08T22:22:49.522Z","soak-u3-i43","iphone-se","slow-3g","us-nyc","https://headroom-app.org/llms.txt","200","1","17","18","0","4e11e085","en-US","240","40.7128","0","1","lang=en-US;tzOff=240;title="
"2026-10-08T22:22:50.306Z","soak-u4-i43","macbook-pro","slow-3g","sg-singapore","https://headroom-app.org/","200","1","48","49","0","d1b3f39f","en-US","-480","1.3521","0","1","inpage-click;lang=en-US;tzOff=-480;title=Headroom - Free Mac Disk Space Analyzer "
"2026-10-08T22:22:50.312Z","soak-u1-i43","win-desktop","wifi","uk-london","https://headroom-app.org/","200","1","49","49","0","87a9743d","en-US","-60","51.5074","0","1","inpage-click;lang=en-US;tzOff=-60;title=Headroom - Free Mac Disk Space Analyzer "
"2026-10-08T22:22:50.542Z","soak-u2-i43","macbook-pro","4g","br-saopaulo","https://headroom-app.org/#duplicates","200","8","291","293","20","d1b3f39f","en-US","180","-23.5505","1","1","inpage-click;lang=en-US;tzOff=180;title=Headroom - Free Mac Disk Space Analyzer "
"2026-10-08T22:22:50.749Z","soak-u5-i43","galaxy-s24","4g","in-mumbai","https://headroom-app.org/#faq","200","6","178","493","20","e3563b3b","en-US","-330","19.076","1","1","inpage-click;lang=en-US;tzOff=-330;title=Headroom - Free Mac Disk Space Analyzer "
"2026-10-08T22:22:51.720Z","soak-u3-i44","iphone-se","slow-3g","au-sydney","https://headroom-app.org/llms.txt","200","2","11","12","0","4e11e085","en-US","-660","-33.8688","0","1","lang=en-US;tzOff=-660;title="
"2026-10-08T22:22:52.555Z","soak-u1-i44","macbook-air","4g","uk-london","https://headroom-app.org/#duplicates","200","1","44","45","0","bd160d5a","en-US","-60","51.5074","0","1","inpage-click;lang=en-US;tzOff=-60;title=Headroom - Free Mac Disk Space Analyzer "
"2026-10-08T22:22:52.600Z","soak-u5-i44","win-desktop","wifi","in-mumbai","https://headroom-app.org/#features","200","4","43","44","0","43dff6f9","en-US","-330","19.076","0","1","inpage-click;lang=en-US;tzOff=-330;title=Headroom - Free Mac Disk Space Analyzer "
"2026-10-08T22:22:53.105Z","soak-u4-i44","macbook-pro","lossy-4g","us-nyc","https://headroom-app.org/#features","200","6","640","640","20","d1b3f39f","en-US","240","40.7128","1","1","inpage-click;lang=en-US;tzOff=240;title=Headroom - Free Mac Disk Space Analyzer "
"2026-10-08T22:22:53.908Z","soak-u2-i44","iphone-15","4g","br-saopaulo","https://headroom-app.org/#duplicates","200","77","216","445","0","74f48331","en-US","180","-23.5505","0","1","inpage-click;lang=en-US;tzOff=180;title=Headroom - Free Mac Disk Space Analyzer "
"2026-10-08T22:22:56.034Z","soak-u2-i45","pixel-8","4g","in-mumbai","https://headroom-app.org/llms.txt","200","7","22","23","0","4e11e085","en-US","-330","19.076","0","1","lang=en-US;tzOff=-330;title="
"2026-10-08T22:22:56.833Z","soak-u3-i45","win-laptop","fast-3g","de-berlin","https://headroom-app.org/","200","2","75","77","0","123ca1af","en-US","-120","52.52","0","1","inpage-click;lang=en-US;tzOff=-120;title=Headroom - Free Mac Disk Space Analyzer "
"2026-10-08T22:22:56.854Z","soak-u4-i45","win-desktop","fast-3g","us-nyc","https://headroom-app.org/#duplicates","200","1","67","68","0","87a9743d","en-US","240","40.7128","0","1","inpage-click;lang=en-US;tzOff=240;title=Headroom - Free Mac Disk Space Analyzer "
"2026-10-08T22:22:56.905Z","soak-u5-i45","macbook-air","fast-3g","us-la","https://headroom-app.org/#features","200","1","108","118","0","408aafb0","en-US","420","34.0522","0","1","inpage-click;lang=en-US;tzOff=420;title=Headroom - Free Mac Disk Space Analyzer "
"2026-10-08T22:22:56.918Z","soak-u1-i45","pixel-8","slow-3g","us-la","https://headroom-app.org/#features","200","2","63","64","0","0e7abbde","en-US","420","34.0522","0","1","inpage-click;lang=en-US;tzOff=420;title=Headroom - Free Mac Disk Space Analyzer "
"2026-10-08T22:22:58.056Z","soak-u4-i46","macbook-air","wifi","sg-singapore","https://headroom-app.org/sitemap.xml","200","1","15","17","0","963f1688","en-US","-480","1.3521","0","1","lang=en-US;tzOff=-480;title="
"2026-10-08T22:22:58.877Z","soak-u3-i46","macbook-air","slow-3g","us-nyc","https://headroom-app.org/","200","1","58","59","0","bd160d5a","en-US","240","40.7128","0","1","inpage-click;lang=en-US;tzOff=240;title=Headroom - Free Mac Disk Space Analyzer "
"2026-10-08T22:22:58.883Z","soak-u1-i46","macbook-air","slow-3g","us-nyc","https://headroom-app.org/","200","1","68","69","0","bd160d5a","en-US","240","40.7128","0","1","inpage-click;lang=en-US;tzOff=240;title=Headroom - Free Mac Disk Space Analyzer "
"2026-10-08T22:22:58.901Z","soak-u2-i46","iphone-15","wifi","br-saopaulo","https://headroom-app.org/","200","2","66","67","0","3ebc1acc","en-US","180","-23.5505","0","1","inpage-click;lang=en-US;tzOff=180;title=Headroom - Free Mac Disk Space Analyzer "
"2026-10-08T22:22:58.926Z","soak-u5-i46","galaxy-s24","slow-3g","in-mumbai","https://headroom-app.org/#features","200","1","47","48","0","8c761d6d","en-US","-330","19.076","0","1","inpage-click;lang=en-US;tzOff=-330;title=Headroom - Free Mac Disk Space Analyzer "
"2026-10-08T22:23:00.064Z","soak-u4-i47","iphone-15","slow-3g","in-mumbai","https://headroom-app.org/sitemap.xml","200","5","25","27","0","963f1688","en-US","-330","19.076","0","1","lang=en-US;tzOff=-330;title="
"2026-10-08T22:23:00.887Z","soak-u3-i47","win-laptop","fast-3g","br-saopaulo","https://headroom-app.org/#faq","200","2","68","70","0","123ca1af","en-US","180","-23.5505","0","1","inpage-click;lang=en-US;tzOff=180;title=Headroom - Free Mac Disk Space Analyzer "
"2026-10-08T22:23:00.889Z","soak-u1-i47","macbook-pro","fast-3g","de-berlin","https://headroom-app.org/#faq","200","2","64","65","0","d1b3f39f","en-US","-120","52.52","0","1","inpage-click;lang=en-US;tzOff=-120;title=Headroom - Free Mac Disk Space Analyzer "
"2026-10-08T22:23:00.896Z","soak-u2-i47","ipad-air","lossy-4g","us-la","https://headroom-app.org/#faq","200","3","46","47","0","b7033228","en-US","420","34.0522","0","1","inpage-click;lang=en-US;tzOff=420;title=Headroom - Free Mac Disk Space Analyzer "
"2026-10-08T22:23:00.952Z","soak-u5-i47","win-laptop","4g","br-saopaulo","https://headroom-app.org/#features","200","1","117","118","0","3400a079","en-US","180","-23.5505","0","1","inpage-click;lang=en-US;tzOff=180;title=Headroom - Free Mac Disk Space Analyzer "
"2026-10-08T22:23:03.558Z","soak-u2-i48","win-desktop","wifi","br-saopaulo","https://headroom-app.org/#faq","200","1","47","48","0","87a9743d","en-US","180","-23.5505","0","1","inpage-click;lang=en-US;tzOff=180;title=Headroom - Free Mac Disk Space Analyzer "
"2026-10-08T22:23:03.604Z","soak-u5-i48","macbook-air","fast-3g","de-berlin","https://headroom-app.org/#faq","200","1","43","43","0","c99ba1ca","en-US","-120","52.52","0","1","inpage-click;lang=en-US;tzOff=-120;title=Headroom - Free Mac Disk Space Analyzer "
"2026-10-08T22:23:04.407Z","soak-u4-i48","ipad-air","fast-3g","au-sydney","https://headroom-app.org/","200","156","376","631","0","1938e9aa","en-US","-660","-33.8688","0","1","inpage-click;lang=en-US;tzOff=-660;title=Headroom - Free Mac Disk Space Analyzer "
"2026-10-08T22:23:04.443Z","soak-u1-i48","pixel-8","fast-3g","sg-singapore","https://headroom-app.org/#faq","200","8","968","969","20","0e7abbde","en-US","-480","1.3521","1","1","inpage-click;lang=en-US;tzOff=-480;title=Headroom - Free Mac Disk Space Analyzer "
"2026-10-08T22:23:05.212Z","soak-u3-i48","macbook-air","wifi","au-sydney","https://headroom-app.org/#duplicates","200","152","370","626","0","0b4b2592","en-US","-660","-33.8688","0","1","inpage-click;lang=en-US;tzOff=-660;title=Headroom - Free Mac Disk Space Analyzer "
"2026-10-08T22:23:07.271Z","soak-u3-i49","win-desktop","4g","us-nyc","https://headroom-app.org/llms.txt","200","1","12","12","0","4e11e085","en-US","240","40.7128","0","1","lang=en-US;tzOff=240;title="
"2026-10-08T22:23:07.276Z","soak-u1-i49","galaxy-s24","wifi","de-berlin","https://headroom-app.org/sitemap.xml","200","1","13","17","0","963f1688","en-US","-120","52.52","0","1","lang=en-US;tzOff=-120;title="
"2026-10-08T22:23:07.433Z","soak-u2-i49","pixel-8","fast-3g","de-berlin","https://headroom-app.org/llms.txt","200","7","173","173","2","4e11e085","en-US","-120","52.52","1","1","lang=en-US;tzOff=-120;title="
"2026-10-08T22:23:08.057Z","soak-u4-i49","pixel-8","4g","us-nyc","https://headroom-app.org/","200","1","44","44","0","0e7abbde","en-US","240","40.7128","0","1","inpage-click;lang=en-US;tzOff=240;title=Headroom - Free Mac Disk Space Analyzer "
"2026-10-08T22:23:10.053Z","soak-u5-i49","iphone-15","fast-3g","br-saopaulo","https://headroom-app.org/#faq","200","5","580","2022","20","8f16e955","en-US","180","-23.5505","1","1","inpage-click;lang=en-US;tzOff=180;title=Headroom - Free Mac Disk Space Analyzer "
"2026-10-08T22:23:11.955Z","soak-u2-i50","ipad-air","slow-3g","br-saopaulo","https://headroom-app.org/sitemap.xml","200","6","413","415","1","963f1688","en-US","180","-23.5505","1","1","lang=en-US;tzOff=180;title="
"2026-10-08T22:23:12.363Z","soak-u4-i50","galaxy-s24","4g","uk-london","https://headroom-app.org/#duplicates","200","1","52","52","0","9274e3ff","en-US","-60","51.5074","0","1","inpage-click;lang=en-US;tzOff=-60;title=Headroom - Free Mac Disk Space Analyzer "
"2026-10-08T22:23:12.384Z","soak-u3-i50","win-laptop","fast-3g","us-la","https://headroom-app.org/#features","200","3","76","77","0","123ca1af","en-US","420","34.0522","0","1","inpage-click;lang=en-US;tzOff=420;title=Headroom - Free Mac Disk Space Analyzer "
"2026-10-08T22:23:12.425Z","soak-u1-i50","macbook-pro","lossy-4g","il-telaviv","https://headroom-app.org/","200","1","59","60","0","d1b3f39f","en-US","-180","32.0853","0","1","inpage-click;lang=en-US;tzOff=-180;title=Headroom - Free Mac Disk Space Analyzer "
"2026-10-08T22:23:12.479Z","soak-u5-i50","galaxy-s24","wifi","br-saopaulo","https://headroom-app.org/#faq","200","1","68","69","0","86e92ad1","en-US","180","-23.5505","0","1","inpage-click;lang=en-US;tzOff=180;title=Headroom - Free Mac Disk Space Analyzer "
"2026-10-08T22:23:14.384Z","soak-u3-i51","win-laptop","wifi","us-la","https://headroom-app.org/sitemap.xml","200","5","17","18","1","963f1688","en-US","420","34.0522","1","1","lang=en-US;tzOff=420;title="
"2026-10-08T22:23:14.546Z","soak-u5-i51","pixel-8","fast-3g","us-la","https://headroom-app.org/sitemap.xml","200","6","169","171","1","963f1688","en-US","420","34.0522","1","1","lang=en-US;tzOff=420;title="
"2026-10-08T22:23:15.167Z","soak-u2-i51","win-laptop","wifi","il-telaviv","https://headroom-app.org/","200","5","50","51","20","123ca1af","en-US","-180","32.0853","1","1","inpage-click;lang=en-US;tzOff=-180;title=Headroom - Free Mac Disk Space Analyzer "
"2026-10-08T22:23:15.703Z","soak-u4-i51","iphone-se","lossy-4g","us-la","https://headroom-app.org/#duplicates","200","143","259","567","0","70e9fac1","en-US","420","34.0522","0","1","inpage-click;lang=en-US;tzOff=420;title=Headroom - Free Mac Disk Space Analyzer "
"2026-10-08T22:23:16.081Z","soak-u1-i51","macbook-pro","fast-3g","us-nyc","https://headroom-app.org/#faq","200","4","960","961","20","d1b3f39f","en-US","240","40.7128","1","1","inpage-click;lang=en-US;tzOff=240;title=Headroom - Free Mac Disk Space Analyzer "
"2026-10-08T22:23:18.353Z","soak-u2-i52","win-desktop","wifi","us-la","https://headroom-app.org/","200","9","81","82","20","87a9743d","en-US","420","34.0522","1","1","inpage-click;lang=en-US;tzOff=420;title=Headroom - Free Mac Disk Space Analyzer "
"2026-10-08T22:23:18.371Z","soak-u5-i52","iphone-se","wifi","de-berlin","https://headroom-app.org/#faq","200","1","61","62","0","66121db1","en-US","-120","52.52","0","1","inpage-click;lang=en-US;tzOff=-120;title=Headroom - Free Mac Disk Space Analyzer "
"2026-10-08T22:23:18.378Z","soak-u4-i52","macbook-air","slow-3g","sg-singapore","https://headroom-app.org/#features","200","1","70","71","0","bd160d5a","en-US","-480","1.3521","0","1","inpage-click;lang=en-US;tzOff=-480;title=Headroom - Free Mac Disk Space Analyzer "
"2026-10-08T22:23:18.387Z","soak-u1-i52","galaxy-s24","4g","br-saopaulo","https://headroom-app.org/#faq","200","5","61","62","0","9274e3ff","en-US","180","-23.5505","0","1","inpage-click;lang=en-US;tzOff=180;title=Headroom - Free Mac Disk Space Analyzer "
"2026-10-08T22:23:18.413Z","soak-u3-i52","win-desktop","lossy-4g","de-berlin","https://headroom-app.org/#features","200","1","74","75","0","87a9743d","en-US","-120","52.52","0","1","inpage-click;lang=en-US;tzOff=-120;title=Headroom - Free Mac Disk Space Analyzer "
"2026-10-08T22:23:19.649Z","soak-u4-i53","win-laptop","4g","sg-singapore","https://headroom-app.org/llms.txt","200","1","9","9","0","4e11e085","en-US","-480","1.3521","0","1","lang=en-US;tzOff=-480;title="
"2026-10-08T22:23:19.655Z","soak-u2-i53","macbook-air","fast-3g","in-mumbai","https://headroom-app.org/sitemap.xml","200","1","12","13","0","963f1688","en-US","-330","19.076","0","1","lang=en-US;tzOff=-330;title="
"2026-10-08T22:23:19.661Z","soak-u5-i53","pixel-8","slow-3g","au-sydney","https://headroom-app.org/sitemap.xml","200","1","17","19","0","963f1688","en-US","-660","-33.8688","0","1","lang=en-US;tzOff=-660;title="
"2026-10-08T22:23:19.668Z","soak-u1-i53","iphone-se","fast-3g","us-la","https://headroom-app.org/sitemap.xml","200","1","13","14","0","963f1688","en-US","420","34.0522","0","1","lang=en-US;tzOff=420;title="
"2026-10-08T22:23:20.529Z","soak-u3-i53","iphone-se","fast-3g","in-mumbai","https://headroom-app.org/#features","200","1","59","60","0","c0f2992b","en-US","-330","19.076","0","1","inpage-click;lang=en-US;tzOff=-330;title=Headroom - Free Mac Disk Space Analyzer "
"2026-10-08T22:23:21.491Z","soak-u4-i54","pixel-8","lossy-4g","in-mumbai","https://headroom-app.org/sitemap.xml","200","2","10","11","0","963f1688","en-US","-330","19.076","0","1","lang=en-US;tzOff=-330;title="
"2026-10-08T22:23:22.291Z","soak-u3-i54","macbook-pro","fast-3g","us-nyc","https://headroom-app.org/#duplicates","200","2","37","38","0","d1b3f39f","en-US","240","40.7128","0","1","inpage-click;lang=en-US;tzOff=240;title=Headroom - Free Mac Disk Space Analyzer "
"2026-10-08T22:23:22.867Z","soak-u1-i54","iphone-15","lossy-4g","de-berlin","https://headroom-app.org/","200","4","630","631","20","3ebc1acc","en-US","-120","52.52","1","1","inpage-click;lang=en-US;tzOff=-120;title=Headroom - Free Mac Disk Space Analyzer "
"2026-10-08T22:23:26.601Z","soak-u5-i54","macbook-air","slow-3g","uk-london","https://headroom-app.org/#features","200","5","1732","4356","20","ce602423","en-US","-60","51.5074","1","1","inpage-click;lang=en-US;tzOff=-60;title=Headroom - Free Mac Disk Space Analyzer "
"2026-10-08T22:23:27.405Z","soak-u2-i54","ipad-air","fast-3g","sg-singapore","https://headroom-app.org/#duplicates","200","411","735","1326","0","ffb7afc4","en-US","-480","1.3521","0","1","inpage-click;lang=en-US;tzOff=-480;title=Headroom - Free Mac Disk Space Analyzer "
"2026-10-08T22:23:29.071Z","soak-u3-i55","win-desktop","wifi","us-nyc","https://headroom-app.org/llms.txt","200","1","14","15","0","4e11e085","en-US","240","40.7128","0","1","lang=en-US;tzOff=240;title="
"2026-10-08T22:23:29.080Z","soak-u4-i55","win-laptop","lossy-4g","il-telaviv","https://headroom-app.org/llms.txt","200","1","15","15","0","4e11e085","en-US","-180","32.0853","0","1","lang=en-US;tzOff=-180;title="
"2026-10-08T22:23:29.882Z","soak-u2-i55","win-desktop","fast-3g","sg-singapore","https://headroom-app.org/","200","1","46","47","0","87a9743d","en-US","-480","1.3521","0","1","inpage-click;lang=en-US;tzOff=-480;title=Headroom - Free Mac Disk Space Analyzer "
"2026-10-08T22:23:29.969Z","soak-u5-i55","iphone-se","slow-3g","de-berlin","https://headroom-app.org/#features","200","1","68","69","0","1f4e6fca","en-US","-120","52.52","0","1","inpage-click;lang=en-US;tzOff=-120;title=Headroom - Free Mac Disk Space Analyzer "
"2026-10-08T22:23:30.481Z","soak-u1-i55","ipad-air","lossy-4g","us-la","https://headroom-app.org/","200","5","648","649","20","b7033228","en-US","420","34.0522","1","1","inpage-click;lang=en-US;tzOff=420;title=Headroom - Free Mac Disk Space Analyzer "
"2026-10-08T22:23:31.910Z","soak-u1-i56","win-desktop","fast-3g","il-telaviv","https://headroom-app.org/sitemap.xml","200","1","13","14","0","963f1688","en-US","-180","32.0853","0","1","lang=en-US;tzOff=-180;title="
"2026-10-08T22:23:32.707Z","soak-u2-i56","pixel-8","wifi","us-la","https://headroom-app.org/#duplicates","200","6","50","51","20","0e7abbde","en-US","420","34.0522","1","1","inpage-click;lang=en-US;tzOff=420;title=Headroom - Free Mac Disk Space Analyzer "
"2026-10-08T22:23:33.279Z","soak-u3-i56","galaxy-s24","lossy-4g","il-telaviv","https://headroom-app.org/","200","6","627","628","20","9274e3ff","en-US","-180","32.0853","1","1","inpage-click;lang=en-US;tzOff=-180;title=Headroom - Free Mac Disk Space Analyzer "
"2026-10-08T22:23:33.606Z","soak-u4-i56","ipad-air","fast-3g","br-saopaulo","https://headroom-app.org/#duplicates","200","4","946","947","20","b7033228","en-US","180","-23.5505","1","1","inpage-click;lang=en-US;tzOff=180;title=Headroom - Free Mac Disk Space Analyzer "
"2026-10-08T22:23:37.018Z","soak-u5-i56","macbook-pro","slow-3g","sg-singapore","https://headroom-app.org/#duplicates","200","6","1725","4347","20","301c5e1c","en-US","-480","1.3521","1","1","inpage-click;lang=en-US;tzOff=-480;title=Headroom - Free Mac Disk Space Analyzer "
"2026-10-08T22:23:38.378Z","soak-u1-i57","ipad-air","lossy-4g","uk-london","https://headroom-app.org/llms.txt","200","5","105","105","2","4e11e085","en-US","-60","51.5074","1","1","lang=en-US;tzOff=-60;title="
"2026-10-08T22:23:38.390Z","soak-u5-i57","ipad-air","fast-3g","sg-singapore","https://headroom-app.org/llms.txt","200","82","99","99","0","4e11e085","en-US","-480","1.3521","0","1","lang=en-US;tzOff=-480;title="
"2026-10-08T22:23:39.114Z","soak-u2-i57","iphone-15","lossy-4g","us-nyc","https://headroom-app.org/#duplicates","200","1","46","46","0","3ebc1acc","en-US","240","40.7128","0","1","inpage-click;lang=en-US;tzOff=240;title=Headroom - Free Mac Disk Space Analyzer "
"2026-10-08T22:23:39.126Z","soak-u4-i57","iphone-se","wifi","us-nyc","https://headroom-app.org/","200","1","43","44","0","d3b46d3a","en-US","240","40.7128","0","1","inpage-click;lang=en-US;tzOff=240;title=Headroom - Free Mac Disk Space Analyzer "
"2026-10-08T22:23:39.324Z","soak-u3-i57","iphone-15","4g","il-telaviv","https://headroom-app.org/","200","4","296","297","20","3ebc1acc","en-US","-180","32.0853","1","1","inpage-click;lang=en-US;tzOff=-180;title=Headroom - Free Mac Disk Space Analyzer "
"2026-10-08T22:23:40.490Z","soak-u1-i58","macbook-air","lossy-4g","sg-singapore","https://headroom-app.org/sitemap.xml","200","1","11","13","0","963f1688","en-US","-480","1.3521","0","1","lang=en-US;tzOff=-480;title="
"2026-10-08T22:23:40.498Z","soak-u2-i58","pixel-8","slow-3g","il-telaviv","https://headroom-app.org/sitemap.xml","200","6","29","31","0","963f1688","en-US","-180","32.0853","0","1","lang=en-US;tzOff=-180;title="
"2026-10-08T22:23:41.331Z","soak-u4-i58","pixel-8","4g","au-sydney","https://headroom-app.org/","200","2","58","58","0","0e7abbde","en-US","-660","-33.8688","0","1","inpage-click;lang=en-US;tzOff=-660;title=Headroom - Free Mac Disk Space Analyzer "
"2026-10-08T22:23:41.335Z","soak-u3-i58","win-desktop","slow-3g","uk-london","https://headroom-app.org/#features","200","1","60","61","0","87a9743d","en-US","-60","51.5074","0","1","inpage-click;lang=en-US;tzOff=-60;title=Headroom - Free Mac Disk Space Analyzer "
"2026-10-08T22:23:41.351Z","soak-u5-i58","win-laptop","fast-3g","br-saopaulo","https://headroom-app.org/#faq","200","1","100","100","0","16662ca8","en-US","180","-23.5505","0","1","inpage-click;lang=en-US;tzOff=180;title=Headroom - Free Mac Disk Space Analyzer "
"2026-10-08T22:23:43.166Z","soak-u3-i59","pixel-8","slow-3g","au-sydney","https://headroom-app.org/llms.txt","200","1","11","11","0","4e11e085","en-US","-660","-33.8688","0","1","lang=en-US;tzOff=-660;title="
"2026-10-08T22:23:43.172Z","soak-u4-i59","iphone-15","fast-3g","us-la","https://headroom-app.org/llms.txt","200","1","9","9","0","4e11e085","en-US","420","34.0522","0","1","lang=en-US;tzOff=420;title="
"2026-10-08T22:23:44.377Z","soak-u5-i59","galaxy-s24","slow-3g","uk-london","https://headroom-app.org/#duplicates","200","80","179","447","0","92bc7756","en-US","-60","51.5074","0","1","inpage-click;lang=en-US;tzOff=-60;title=Headroom - Free Mac Disk Space Analyzer "
"2026-10-08T22:23:44.548Z","soak-u2-i59","macbook-pro","lossy-4g","us-la","https://headroom-app.org/","200","6","636","636","20","d1b3f39f","en-US","420","34.0522","1","1","inpage-click;lang=en-US;tzOff=420;title=Headroom - Free Mac Disk Space Analyzer "
"2026-10-08T22:23:45.352Z","soak-u1-i59","ipad-air","wifi","br-saopaulo","https://headroom-app.org/#features","200","82","474","507","0","6d67fdcd","en-US","180","-23.5505","0","1","inpage-click;lang=en-US;tzOff=180;title=Headroom - Free Mac Disk Space Analyzer "
"2026-10-08T22:23:47.211Z","soak-u3-i60","galaxy-s24","fast-3g","jp-tokyo","https://headroom-app.org/llms.txt","200","1","19","19","0","4e11e085","en-US","-540","35.6762","0","1","lang=en-US;tzOff=-540;title="
"2026-10-08T22:23:47.215Z","soak-u1-i60","win-desktop","lossy-4g","us-la","https://headroom-app.org/sitemap.xml","200","1","23","26","0","963f1688","en-US","420","34.0522","0","1","lang=en-US;tzOff=420;title="
"2026-10-08T22:23:47.998Z","soak-u2-i60","iphone-se","4g","br-saopaulo","https://headroom-app.org/#duplicates","200","1","51","52","0","d3b46d3a","en-US","180","-23.5505","0","1","inpage-click;lang=en-US;tzOff=180;title=Headroom - Free Mac Disk Space Analyzer "
"2026-10-08T22:23:48.029Z","soak-u5-i60","iphone-se","4g","sg-singapore","https://headroom-app.org/#duplicates","200","1","49","50","0","7f4ae803","en-US","-480","1.3521","0","1","inpage-click;lang=en-US;tzOff=-480;title=Headroom - Free Mac Disk Space Analyzer "
"2026-10-08T22:23:54.366Z","soak-u4-i60","pixel-8","slow-3g","us-la","https://headroom-app.org/#faq","200","6","1939","6410","20","c315879d","en-US","420","34.0522","1","1","inpage-click;lang=en-US;tzOff=420;title=Headroom - Free Mac Disk Space Analyzer "
"2026-10-08T22:23:55.337Z","soak-u4-i61","win-laptop","wifi","in-mumbai","https://headroom-app.org/llms.txt","200","2","21","23","0","4e11e085","en-US","-330","19.076","0","1","lang=en-US;tzOff=-330;title="
"2026-10-08T22:23:55.345Z","soak-u3-i61","galaxy-s24","slow-3g","il-telaviv","https://headroom-app.org/sitemap.xml","200","1","13","15","0","963f1688","en-US","-180","32.0853","0","1","lang=en-US;tzOff=-180;title="
"2026-10-08T22:23:56.133Z","soak-u2-i61","galaxy-s24","wifi","de-berlin","https://headroom-app.org/#faq","200","1","56","59","0","9274e3ff","en-US","-120","52.52","0","1","inpage-click;lang=en-US;tzOff=-120;title=Headroom - Free Mac Disk Space Analyzer "
"2026-10-08T22:23:56.164Z","soak-u5-i61","pixel-8","wifi","us-la","https://headroom-app.org/#duplicates","200","1","64","65","0","b1111bb0","en-US","420","34.0522","0","1","inpage-click;lang=en-US;tzOff=420;title=Headroom - Free Mac Disk Space Analyzer "
"2026-10-08T22:23:56.195Z","soak-u1-i61","win-desktop","wifi","il-telaviv","https://headroom-app.org/","200","1","62","62","0","87a9743d","en-US","-180","32.0853","0","1","inpage-click;lang=en-US;tzOff=-180;title=Headroom - Free Mac Disk Space Analyzer "
"2026-10-08T22:23:57.450Z","soak-u2-i62","ipad-air","slow-3g","il-telaviv","https://headroom-app.org/sitemap.xml","200","2","17","18","0","963f1688","en-US","-180","32.0853","0","1","lang=en-US;tzOff=-180;title="
"2026-10-08T22:23:58.276Z","soak-u3-i62","iphone-15","wifi","in-mumbai","https://headroom-app.org/#faq","200","1","60","61","0","3ebc1acc","en-US","-330","19.076","0","1","inpage-click;lang=en-US;tzOff=-330;title=Headroom - Free Mac Disk Space Analyzer "
"2026-10-08T22:23:58.285Z","soak-u5-i62","win-laptop","wifi","in-mumbai","https://headroom-app.org/#features","200","9","71","72","20","d9e14109","en-US","-330","19.076","1","1","inpage-click;lang=en-US;tzOff=-330;title=Headroom - Free Mac Disk Space Analyzer "
"2026-10-08T22:23:58.289Z","soak-u1-i62","win-laptop","fast-3g","us-nyc","https://headroom-app.org/#features","200","1","62","63","0","123ca1af","en-US","240","40.7128","0","1","inpage-click;lang=en-US;tzOff=240;title=Headroom - Free Mac Disk Space Analyzer "
"2026-10-08T22:23:58.295Z","soak-u4-i62","ipad-air","lossy-4g","de-berlin","https://headroom-app.org/#duplicates","200","2","56","57","0","b7033228","en-US","-120","52.52","0","1","inpage-click;lang=en-US;tzOff=-120;title=Headroom - Free Mac Disk Space Analyzer "
"2026-10-08T22:23:59.556Z","soak-u1-i63","macbook-air","fast-3g","us-la","https://headroom-app.org/llms.txt","200","1","13","13","0","4e11e085","en-US","420","34.0522","0","1","lang=en-US;tzOff=420;title="
"2026-10-08T22:23:59.999Z","soak-u4-i63","macbook-pro","slow-3g","jp-tokyo","https://headroom-app.org/llms.txt","200","6","456","456","2","4e11e085","en-US","-540","35.6762","1","1","lang=en-US;tzOff=-540;title="
"2026-10-08T22:24:00.391Z","soak-u2-i63","macbook-air","wifi","in-mumbai","https://headroom-app.org/#duplicates","200","1","48","49","0","bd160d5a","en-US","-330","19.076","0","1","inpage-click;lang=en-US;tzOff=-330;title=Headroom - Free Mac Disk Space Analyzer "
"2026-10-08T22:24:00.399Z","soak-u5-i63","macbook-pro","lossy-4g","br-saopaulo","https://headroom-app.org/","200","4","55","57","0","7820c06b","en-US","180","-23.5505","0","1","inpage-click;lang=en-US;tzOff=180;title=Headroom - Free Mac Disk Space Analyzer "
"2026-10-08T22:24:00.436Z","soak-u3-i63","iphone-se","slow-3g","us-la","https://headroom-app.org/","200","2","55","55","0","d3b46d3a","en-US","420","34.0522","0","1","inpage-click;lang=en-US;tzOff=420;title=Headroom - Free Mac Disk Space Analyzer "
"2026-10-08T22:24:02.100Z","soak-u3-i64","macbook-pro","fast-3g","br-saopaulo","https://headroom-app.org/llms.txt","200","2","15","15","0","4e11e085","en-US","180","-23.5505","0","1","lang=en-US;tzOff=180;title="
"2026-10-08T22:24:02.104Z","soak-u5-i64","win-laptop","wifi","us-nyc","https://headroom-app.org/llms.txt","200","1","23","24","0","4e11e085","en-US","240","40.7128","0","1","lang=en-US;tzOff=240;title="
"2026-10-08T22:24:02.940Z","soak-u4-i64","win-desktop","wifi","jp-tokyo","https://headroom-app.org/#faq","200","1","45","46","0","f94a71d4","en-US","-540","35.6762","0","1","inpage-click;lang=en-US;tzOff=-540;title=Headroom - Free Mac Disk Space Analyzer "
"2026-10-08T22:24:03.153Z","soak-u2-i64","galaxy-s24","4g","sg-singapore","https://headroom-app.org/#duplicates","200","5","292","293","20","9274e3ff","en-US","-480","1.3521","1","1","inpage-click;lang=en-US;tzOff=-480;title=Headroom - Free Mac Disk Space Analyzer "
"2026-10-08T22:24:03.797Z","soak-u1-i64","macbook-air","fast-3g","jp-tokyo","https://headroom-app.org/","200","5","960","960","20","bd160d5a","en-US","-540","35.6762","1","1","inpage-click;lang=en-US;tzOff=-540;title=Headroom - Free Mac Disk Space Analyzer "
"2026-10-08T22:24:04.799Z","soak-u1-i65","win-desktop","slow-3g","us-nyc","https://headroom-app.org/llms.txt","200","1","9","9","0","4e11e085","en-US","240","40.7128","0","1","lang=en-US;tzOff=240;title="
"2026-10-08T22:24:06.200Z","soak-u5-i65","iphone-15","lossy-4g","il-telaviv","https://headroom-app.org/","200","154","273","628","0","4f0695c9","en-US","-180","32.0853","0","1","inpage-click;lang=en-US;tzOff=-180;title=Headroom - Free Mac Disk Space Analyzer "
"2026-10-08T22:24:06.514Z","soak-u2-i65","macbook-pro","fast-3g","au-sydney","https://headroom-app.org/#duplicates","200","4","959","960","20","d1b3f39f","en-US","-660","-33.8688","1","1","inpage-click;lang=en-US;tzOff=-660;title=Headroom - Free Mac Disk Space Analyzer "
"2026-10-08T22:24:06.520Z","soak-u4-i65","iphone-se","fast-3g","in-mumbai","https://headroom-app.org/#faq","200","4","952","953","20","d3b46d3a","en-US","-330","19.076","1","1","inpage-click;lang=en-US;tzOff=-330;title=Headroom - Free Mac Disk Space Analyzer "
"2026-10-08T22:24:06.525Z","soak-u3-i65","galaxy-s24","lossy-4g","br-saopaulo","https://headroom-app.org/#features","200","156","958","959","0","9274e3ff","en-US","180","-23.5505","0","1","inpage-click;lang=en-US;tzOff=180;title=Headroom - Free Mac Disk Space Analyzer "
"2026-10-08T22:24:08.102Z","soak-u1-i66","macbook-pro","lossy-4g","de-berlin","https://headroom-app.org/sitemap.xml","200","2","15","17","0","963f1688","en-US","-120","52.52","0","1","lang=en-US;tzOff=-120;title="
"2026-10-08T22:24:08.109Z","soak-u5-i66","win-desktop","wifi","il-telaviv","https://headroom-app.org/llms.txt","200","1","14","14","0","4e11e085","en-US","-180","32.0853","0","1","lang=en-US;tzOff=-180;title="
"2026-10-08T22:24:08.897Z","soak-u3-i66","iphone-15","wifi","sg-singapore","https://headroom-app.org/#faq","200","1","47","48","0","3ebc1acc","en-US","-480","1.3521","0","1","inpage-click;lang=en-US;tzOff=-480;title=Headroom - Free Mac Disk Space Analyzer "
"2026-10-08T22:24:08.949Z","soak-u2-i66","win-laptop","wifi","il-telaviv","https://headroom-app.org/#faq","200","1","52","53","0","123ca1af","en-US","-180","32.0853","0","1","inpage-click;lang=en-US;tzOff=-180;title=Headroom - Free Mac Disk Space Analyzer "
"2026-10-08T22:24:09.901Z","soak-u4-i66","galaxy-s24","lossy-4g","au-sydney","https://headroom-app.org/#features","200","6","377","1037","20","c327bf3a","en-US","-660","-33.8688","1","1","inpage-click;lang=en-US;tzOff=-660;title=Headroom - Free Mac Disk Space Analyzer "
"2026-10-08T22:24:11.942Z","soak-u1-i67","pixel-8","fast-3g","in-mumbai","https://headroom-app.org/sitemap.xml","200","9","175","177","1","963f1688","en-US","-330","19.076","1","1","lang=en-US;tzOff=-330;title="
"2026-10-08T22:24:12.618Z","soak-u3-i67","iphone-15","wifi","de-berlin","https://headroom-app.org/#features","200","10","71","75","20","3ebc1acc","en-US","-120","52.52","1","1","inpage-click;lang=en-US;tzOff=-120;title=Headroom - Free Mac Disk Space Analyzer "
"2026-10-08T22:24:12.624Z","soak-u5-i67","iphone-15","lossy-4g","de-berlin","https://headroom-app.org/#features","200","1","54","56","0","c8668e3f","en-US","-120","52.52","0","1","inpage-click;lang=en-US;tzOff=-120;title=Headroom - Free Mac Disk Space Analyzer "
"2026-10-08T22:24:12.660Z","soak-u2-i67","macbook-air","wifi","us-nyc","https://headroom-app.org/#features","200","1","63","64","0","bd160d5a","en-US","240","40.7128","0","1","inpage-click;lang=en-US;tzOff=240;title=Headroom - Free Mac Disk Space Analyzer "
"2026-10-08T22:24:12.666Z","soak-u4-i67","pixel-8","slow-3g","il-telaviv","https://headroom-app.org/","200","1","64","64","0","0e7abbde","en-US","-180","32.0853","0","1","inpage-click;lang=en-US;tzOff=-180;title=Headroom - Free Mac Disk Space Analyzer "
"2026-10-08T22:24:14.743Z","soak-u5-i68","macbook-air","lossy-4g","il-telaviv","https://headroom-app.org/sitemap.xml","200","1","27","29","0","963f1688","en-US","-180","32.0853","0","1","lang=en-US;tzOff=-180;title="
"2026-10-08T22:24:15.567Z","soak-u3-i68","iphone-15","fast-3g","au-sydney","https://headroom-app.org/#duplicates","200","2","58","59","0","3ebc1acc","en-US","-660","-33.8688","0","1","inpage-click;lang=en-US;tzOff=-660;title=Headroom - Free Mac Disk Space Analyzer "
"2026-10-08T22:24:15.596Z","soak-u2-i68","win-desktop","4g","il-telaviv","https://headroom-app.org/#faq","200","1","66","67","0","87a9743d","en-US","-180","32.0853","0","1","inpage-click;lang=en-US;tzOff=-180;title=Headroom - Free Mac Disk Space Analyzer "
"2026-10-08T22:24:15.642Z","soak-u4-i68","galaxy-s24","4g","uk-london","https://headroom-app.org/#duplicates","200","2","70","71","0","87400d39","en-US","-60","51.5074","0","1","inpage-click;lang=en-US;tzOff=-60;title=Headroom - Free Mac Disk Space Analyzer "
"2026-10-08T22:24:15.762Z","soak-u1-i68","win-desktop","4g","in-mumbai","https://headroom-app.org/#faq","200","8","296","297","20","87a9743d","en-US","-330","19.076","1","1","inpage-click;lang=en-US;tzOff=-330;title=Headroom - Free Mac Disk Space Analyzer "
"2026-10-08T22:24:17.121Z","soak-u2-i69","macbook-pro","4g","au-sydney","https://headroom-app.org/llms.txt","200","2","13","13","0","4e11e085","en-US","-660","-33.8688","0","1","lang=en-US;tzOff=-660;title="
"2026-10-08T22:24:17.930Z","soak-u1-i69","macbook-air","wifi","de-berlin","https://headroom-app.org/","200","6","92","92","20","bd160d5a","en-US","-120","52.52","1","1","inpage-click;lang=en-US;tzOff=-120;title=Headroom - Free Mac Disk Space Analyzer "
"2026-10-08T22:24:17.957Z","soak-u5-i69","iphone-15","slow-3g","uk-london","https://headroom-app.org/#duplicates","200","2","57","78","0","4dc96a91","en-US","-60","51.5074","0","1","inpage-click;lang=en-US;tzOff=-60;title=Headroom - Free Mac Disk Space Analyzer "
"2026-10-08T22:24:17.961Z","soak-u3-i69","win-desktop","4g","jp-tokyo","https://headroom-app.org/","200","2","58","59","0","87a9743d","en-US","-540","35.6762","0","1","inpage-click;lang=en-US;tzOff=-540;title=Headroom - Free Mac Disk Space Analyzer "
"2026-10-08T22:24:17.994Z","soak-u4-i69","win-laptop","lossy-4g","de-berlin","https://headroom-app.org/#faq","200","3","60","62","0","123ca1af","en-US","-120","52.52","0","1","inpage-click;lang=en-US;tzOff=-120;title=Headroom - Free Mac Disk Space Analyzer "
"2026-10-08T22:24:19.180Z","soak-u2-i70","iphone-se","wifi","il-telaviv","https://headroom-app.org/llms.txt","200","1","24","24","0","4e11e085","en-US","-180","32.0853","0","1","lang=en-US;tzOff=-180;title="
"2026-10-08T22:24:19.978Z","soak-u4-i70","pixel-8","slow-3g","br-saopaulo","https://headroom-app.org/#duplicates","200","2","60","61","0","0e7abbde","en-US","180","-23.5505","0","1","inpage-click;lang=en-US;tzOff=180;title=Headroom - Free Mac Disk Space Analyzer "
"2026-10-08T22:24:19.999Z","soak-u1-i70","macbook-air","wifi","us-la","https://headroom-app.org/#faq","200","2","80","81","0","bd160d5a","en-US","420","34.0522","0","1","inpage-click;lang=en-US;tzOff=420;title=Headroom - Free Mac Disk Space Analyzer "
"2026-10-08T22:24:20.004Z","soak-u3-i70","iphone-15","wifi","uk-london","https://headroom-app.org/#features","200","5","81","82","20","3ebc1acc","en-US","-60","51.5074","1","1","inpage-click;lang=en-US;tzOff=-60;title=Headroom - Free Mac Disk Space Analyzer "
"2026-10-08T22:24:20.030Z","soak-u5-i70","pixel-8","wifi","uk-london","https://headroom-app.org/","200","15","77","77","20","a1f95fa2","en-US","-60","51.5074","1","1","inpage-click;lang=en-US;tzOff=-60;title=Headroom - Free Mac Disk Space Analyzer "
"2026-10-08T22:24:21.192Z","soak-u4-i71","galaxy-s24","4g","in-mumbai","https://headroom-app.org/llms.txt","200","1","13","13","0","4e11e085","en-US","-330","19.076","0","1","lang=en-US;tzOff=-330;title="
"2026-10-08T22:24:21.199Z","soak-u2-i71","macbook-air","wifi","br-saopaulo","https://headroom-app.org/sitemap.xml","200","1","15","16","0","963f1688","en-US","180","-23.5505","0","1","lang=en-US;tzOff=180;title="
"2026-10-08T22:24:21.985Z","soak-u1-i71","macbook-air","slow-3g","in-mumbai","https://headroom-app.org/","200","1","42","42","0","bd160d5a","en-US","-330","19.076","0","1","inpage-click;lang=en-US;tzOff=-330;title=Headroom - Free Mac Disk Space Analyzer "
"2026-10-08T22:24:22.039Z","soak-u3-i71","iphone-se","lossy-4g","br-saopaulo","https://headroom-app.org/#duplicates","200","9","72","72","0","d3b46d3a","en-US","180","-23.5505","0","1","inpage-click;lang=en-US;tzOff=180;title=Headroom - Free Mac Disk Space Analyzer "
"2026-10-08T22:24:22.297Z","soak-u5-i71","win-desktop","4g","us-la","https://headroom-app.org/#features","200","7","184","352","20","d8dbbb8f","en-US","420","34.0522","1","1","inpage-click;lang=en-US;tzOff=420;title=Headroom - Free Mac Disk Space Analyzer "
"2026-10-08T22:24:24.314Z","soak-u3-i72","win-laptop","4g","de-berlin","https://headroom-app.org/sitemap.xml","200","2","13","15","0","963f1688","en-US","-120","52.52","0","1","lang=en-US;tzOff=-120;title="
"2026-10-08T22:24:24.748Z","soak-u2-i72","galaxy-s24","slow-3g","sg-singapore","https://headroom-app.org/llms.txt","200","5","443","444","2","4e11e085","en-US","-480","1.3521","1","1","lang=en-US;tzOff=-480;title="
"2026-10-08T22:24:25.092Z","soak-u4-i72","win-laptop","fast-3g","br-saopaulo","https://headroom-app.org/#faq","200","1","49","50","0","123ca1af","en-US","180","-23.5505","0","1","inpage-click;lang=en-US;tzOff=180;title=Headroom - Free Mac Disk Space Analyzer "
"2026-10-08T22:24:25.123Z","soak-u5-i72","galaxy-s24","slow-3g","il-telaviv","https://headroom-app.org/#faq","200","2","51","52","0","4fc109eb","en-US","-180","32.0853","0","1","inpage-click;lang=en-US;tzOff=-180;title=Headroom - Free Mac Disk Space Analyzer "
"2026-10-08T22:24:30.731Z","soak-u1-i72","iphone-15","slow-3g","in-mumbai","https://headroom-app.org/#duplicates","200","7","1853","5669","20","c8ddd8ae","en-US","-330","19.076","1","1","inpage-click;lang=en-US;tzOff=-330;title=Headroom - Free Mac Disk Space Analyzer "
